symbol,date,session_index,previous_date,gap_sessions,previous_close,close,raw_move,adjusted_move,base_move,open_step,actions_in_gap,kind
ACLBSL,2022-03-31,1781,2022-03-30,1,1336.0,1101.1,-0.17582335329341325,-0.0027462574850299903,-0.0027462574850299903,False,BONUS:21,resolved_by_action
ACLBSLP,2023-10-02,2141,2023-02-16,148,437.0,240.1,-0.4505720823798627,-0.4505720823798627,-0.4505720823798627,True,,halt_resumption
ACLBSLP,2024-10-22,2380,2023-10-02,239,240.1,556.0,1.3157017909204498,1.3157017909204498,1.3157017909204498,True,,halt_resumption
ADBL,2016-04-11,416,2016-04-10,1,671.0,576.0,-0.14157973174366612,-0.01169821162444118,-0.01171131048960139,False,BONUS:15;DIVIDEND:0.79,resolved_by_action
ADBL,2016-09-26,527,2016-09-25,1,995.0,675.0,-0.321608040201005,-0.03266331658291455,-0.031100478468899517,False,RIGHT:50,resolved_by_action
ADBL,2017-04-03,645,2017-03-30,2,574.0,504.0,-0.12195121951219512,0.055396341463414434,0.05549277708212408,False,BONUS:20;DIVIDEND:1.05,resolved_by_action
ADBL,2018-01-29,831,2018-01-28,1,415.0,340.0,-0.1807228915662651,-0.014456987951807165,-0.014491920464183905,False,BONUS:20;DIVIDEND:1.053,resolved_by_action
ADBL,2019-03-03,1096,2019-02-27,1,333.0,294.0,-0.11711711711711714,-0.021200150150150088,-0.022151420624402562,False,BONUS:6;DIVIDEND:15.053,resolved_by_action
ADBL,2019-12-29,1296,2019-12-26,1,417.0,370.0,-0.11270983213429253,-0.004796163069544224,-0.005073566717403444,False,BONUS:6;DIVIDEND:24,resolved_by_action
ADBL,2020-12-30,1481,2020-12-29,1,488.0,422.0,-0.13524590163934425,-0.003995850409836188,-0.004002001231503405,False,BONUS:15;DIVIDEND:0.7895,resolved_by_action
ADBL,2022-01-02,1722,2021-12-29,1,492.0,411.0,-0.16463414634146345,0.004471483739837412,0.0044805903576017325,False,BONUS:20;DIVIDEND:1.0526,resolved_by_action
AHPC,2014-08-24,55,2014-08-21,1,476.0,425.0,-0.1071428571428571,-0.0168073529411763,-0.016825015672965904,False,BONUS:10;DIVIDEND:0.526,resolved_by_action
AHPC,2016-08-15,502,2016-08-14,1,418.0,370.0,-0.11483253588516751,-0.025120334928229515,-0.025150401089532037,False,BONUS:10;DIVIDEND:0.526,resolved_by_action
AHPC,2021-03-22,1536,2021-03-21,1,313.0,260.0,-0.1693290734824281,0.08626198083067083,0.07438016528925617,False,RIGHT:50,resolved_by_action
AHPC,2021-09-27,1662,2021-09-26,1,575.0,492.0,-0.1443478260869565,-0.05791356521739133,-0.05796393840003222,False,BONUS:10;DIVIDEND:0.526,resolved_by_action
AHPC,2024-01-29,2210,2024-01-28,1,280.2,209.1,-0.2537473233404711,0.13561741613133482,0.09994739610731185,False,RIGHT:100,resolved_by_action
AIC,2014-06-23,15,2014-06-19,1,690.0,515.0,-0.2536231884057971,3.054347826086956,1.6995967741935485,False,RIGHT:550,action_mismatch
AKBSL,2022-06-10,1826,2019-12-19,536,465.0,398.5,-0.1430107526881721,0.021860215053763454,0.021904967137161613,False,BONUS:19;DIVIDEND:1,resolved_by_action
AKBSL,2023-01-17,1973,2023-01-12,1,1775.5,1377.0,-0.22444381864263585,0.009068431427766921,0.009076104327003787,False,BONUS:30;DIVIDEND:1.58,resolved_by_action
AKJCL,2019-11-26,1273,2019-11-25,1,62.0,56.0,-0.09677419354838712,-0.09677419354838712,-0.09677419354838712,True,,unresolved
AKJCL,2024-07-16,2320,2024-07-15,1,220.0,162.8,-0.2599999999999999,0.1681818181818182,0.10000000000000009,False,RIGHT:150,resolved_by_action
AKPL,2021-08-31,1644,2021-08-29,1,797.0,659.0,-0.1731493099121706,-0.031523839397741504,-0.03155731707853193,False,BONUS:17;DIVIDEND:0.89,resolved_by_action
AKPL,2023-07-10,2086,2023-07-09,1,335.5,232.0,-0.30849478390461993,0.08494783904619974,0.06544202066590121,False,RIGHT:100,resolved_by_action
ALBSL,2019-10-02,1243,2019-10-01,1,434.0,384.0,-0.11520737327188935,-0.007653225806451558,-0.007663794426184478,False,BONUS:12;DIVIDEND:0.63,resolved_by_action
ALBSL,2021-10-31,1682,2021-10-28,1,1899.9,1518.0,-0.20101057950418444,-0.0006052897520922862,-0.0006056882553693299,False,BONUS:25;DIVIDEND:1.3158,resolved_by_action
ALBSL,2023-03-12,2005,2023-03-09,1,860.0,732.8,-0.14790697674418607,-0.02539047139534889,-0.025410521626532456,False,BONUS:14.2857;DIVIDEND:0.7143,resolved_by_action
ALBSL,2024-11-10,2389,2024-11-06,1,1069.0,945.0,-0.11599625818521986,0.010640785781103945,0.010647882709476919,False,BONUS:14.25;DIVIDEND:0.75,resolved_by_action
ALDBL,2014-12-28,132,2014-12-24,1,273.0,239.0,-0.12454212454212454,0.03633571428571436,0.03645585167384047,False,BONUS:18;DIVIDEND:0.947,resolved_by_action
ALDBL,2016-07-05,475,2016-07-04,1,740.0,463.0,-0.3743243243243243,0.1919364864864863,0.17193196949521505,False,BONUS:23;RIGHT:70,action_mismatch
ALDBL,2017-01-01,584,2016-12-27,3,368.0,320.0,-0.13043478260869568,-0.004347826086956608,-0.004347826086956386,False,BONUS:14.5,resolved_by_action
ALICL,2015-05-26,211,2015-04-23,3,1143.0,822.0,-0.28083989501312334,-0.07463254593175861,-0.07472570790355415,False,BONUS:28.5;DIVIDEND:1.5,resolved_by_action
ALICL,2017-03-16,634,2017-03-15,1,1299.0,1100.0,-0.1531947652040031,0.016934180138568067,0.016947193861336585,False,BONUS:20;DIVIDEND:1.05,resolved_by_action
ALICL,2018-01-22,826,2018-01-21,1,1316.0,891.0,-0.3229483282674772,-0.022416413373860133,-0.021595900439238647,False,RIGHT:50,resolved_by_action
ALICL,2019-03-06,1098,2019-03-05,1,540.0,388.0,-0.28148148148148144,0.03851851851851862,0.03466666666666751,False,RIGHT:60,resolved_by_action
ALICL,2022-01-26,1740,2022-01-25,1,1322.0,1021.0,-0.22768532526475038,-0.03316944024205737,-0.033217180516627476,False,BONUS:25;DIVIDEND:2,resolved_by_action
ALICL,2022-09-20,1907,2022-09-18,1,540.0,444.0,-0.1777777777777778,-0.05721851851851856,-0.05729512422164451,False,BONUS:14.5;DIVIDEND:0.76,resolved_by_action
ALICL,2025-06-02,2518,2025-05-28,1,696.44,521.09,-0.2517804836023204,0.002165010625466701,0.0020418720546027114,False,RIGHT:42,resolved_by_action
ALICLP,2015-07-08,242,2015-03-19,58,570.0,490.0,-0.14035087719298245,-0.14035087719298245,-0.14035087719298245,False,,halt_resumption
ALICLP,2015-10-11,302,2015-07-08,60,490.0,575.0,0.17346938775510212,0.17346938775510212,0.17346938775510212,False,,halt_resumption
ALICLP,2016-03-30,409,2015-10-11,107,575.0,710.0,0.23478260869565215,0.23478260869565215,0.23478260869565215,False,,halt_resumption
ALICLP,2016-09-26,527,2016-04-21,104,724.0,860.0,0.18784530386740328,0.18784530386740328,0.18784530386740328,False,,halt_resumption
ALICLP,2018-09-06,978,2018-01-21,153,700.0,350.0,-0.5,-0.5,-0.5,True,,halt_resumption
ALICLP,2019-05-16,1146,2019-02-03,69,350.0,262.0,-0.25142857142857145,-0.25142857142857145,-0.25142857142857145,True,,halt_resumption
ALICLP,2020-08-31,1401,2020-06-29,44,260.0,391.0,0.5038461538461538,0.5038461538461538,0.5038461538461538,True,,halt_resumption
ALICLP,2020-11-18,1451,2020-10-11,22,384.0,110.0,-0.7135416666666667,-0.7135416666666667,-0.7135416666666667,True,,halt_resumption
ALICLP,2020-12-03,1462,2020-11-18,11,110.0,380.0,2.4545454545454546,2.4545454545454546,2.4545454545454546,True,,unresolved
ALICLP,2021-07-27,1622,2021-01-18,129,380.0,697.0,0.8342105263157895,0.8342105263157895,0.8342105263157895,True,,halt_resumption
ALICLP,2022-07-03,1844,2022-01-19,109,679.0,317.0,-0.5331369661266568,-0.5331369661266568,-0.5331369661266568,True,,halt_resumption
ALICLP,2022-12-01,1945,2022-07-03,101,317.0,274.0,-0.13564668769716093,-0.13564668769716093,-0.13564668769716093,True,,halt_resumption
ALICLP,2023-03-05,2002,2022-12-01,57,274.0,340.1,0.24124087591240895,0.24124087591240895,0.24124087591240895,True,,halt_resumption
ALICLP,2023-08-10,2109,2023-03-14,102,340.1,382.0,0.12319905910026452,0.12319905910026452,0.12319905910026452,True,,halt_resumption
ALICLP,2024-03-05,2235,2023-12-19,50,365.0,308.0,-0.15616438356164386,-0.15616438356164386,-0.15616438356164386,True,,halt_resumption
ALICLP,2025-01-07,2427,2024-10-06,56,312.0,388.0,0.2435897435897436,0.2435897435897436,0.2435897435897436,True,,halt_resumption
AMFI,2019-01-10,1061,2019-01-09,1,760.0,620.0,-0.1842105263157895,-0.1842105263157895,-0.1842105263157895,False,,unresolved
AMFI,2019-01-13,1062,2019-01-10,1,620.0,730.0,0.17741935483870974,0.17741935483870974,0.17741935483870974,True,,unresolved
ANLB,2024-12-31,2422,2024-12-29,1,6530.0,5540.0,-0.15160796324655434,-0.030602986217457828,-0.03060632572849631,False,BONUS:14.25;DIVIDEND:0.75,resolved_by_action
API,2020-03-15,1349,2020-03-12,1,127.0,110.0,-0.13385826771653542,-0.0511811417322835,-0.03672320246418259,False,BONUS:5;RIGHT:47.619,resolved_by_action
API,2021-05-12,1570,2021-05-11,1,353.0,314.0,-0.11048158640226624,0.06762946175637397,0.06243318165176093,False,RIGHT:29.38,resolved_by_action
API,2021-09-05,1647,2021-09-02,1,529.0,433.0,-0.1814744801512287,-0.09454158790170142,-0.09463506014920209,False,BONUS:10.5;DIVIDEND:0.55,resolved_by_action
API,2022-03-28,1778,2022-03-27,1,466.9,368.0,-0.21182266009852213,0.014103234097237127,0.013006755422114713,False,RIGHT:39.36,resolved_by_action
API,2023-07-09,2085,2023-07-06,1,229.0,197.0,-0.13973799126637554,0.029694323144104695,0.025278810408920993,False,RIGHT:40,resolved_by_action
ARDBL,2016-10-16,536,2016-10-06,1,475.0,370.0,-0.2210526315789474,-0.016421052631579114,-0.01526418786692807,False,RIGHT:36,resolved_by_action
ARUN,2017-07-24,716,2017-07-23,1,220.0,176.0,-0.19999999999999996,-0.19999999999999996,-0.19999999999999996,False,,unresolved
BARUN,2022-07-18,1856,2022-07-17,1,443.0,298.6,-0.3259593679458239,0.12234762979683977,0.09981583793738502,False,RIGHT:100,resolved_by_action
BARUN,2025-06-05,2521,2025-06-04,1,480.72,319.28,-0.33582958894990855,0.12031952071892138,0.09960049593607923,False,RIGHT:100,resolved_by_action
BBC,2017-09-17,750,2016-01-14,389,2030.0,2456.0,0.20985221674876842,0.20985221674876842,0.20985221674876842,False,,halt_resumption
BFC,2019-01-03,1056,2018-12-11,17,100.0,80.0,-0.19999999999999996,-0.19999999999999996,-0.19999999999999996,True,,unresolved
BFC,2019-01-20,1067,2019-01-14,4,84.0,102.0,0.2142857142857142,0.2142857142857142,0.2142857142857142,True,,unresolved
BGDBL,2016-01-26,369,2015-12-29,19,261.0,231.0,-0.11494252873563215,0.020691570881225863,0.020751240636389223,False,BONUS:15;DIVIDEND:0.79,resolved_by_action
BHBL,2016-06-29,471,2016-06-28,1,601.0,529.0,-0.11980033277870217,0.05789933444259554,0.05799559168503432,False,BONUS:20;DIVIDEND:1.05,resolved_by_action
BHBL,2016-12-26,580,2016-12-22,1,436.0,355.0,-0.18577981651376152,-0.020647935779816495,-0.020695283360440686,False,BONUS:20;DIVIDEND:1.05,resolved_by_action
BHBL,2017-02-26,623,2017-02-22,2,373.0,241.0,-0.353887399463807,-0.353887399463807,-0.353887399463807,False,,unresolved
BHBL,2017-03-23,639,2017-03-22,1,226.0,248.0,0.09734513274336276,0.752212389380531,0.5214723926380369,False,RIGHT:100,adjustment_overshoot
BHBL,2017-11-01,774,2017-10-31,1,266.0,178.0,-0.3308270676691729,-0.09624060150375924,-0.07398843930635979,False,RIGHT:80,resolved_by_action
BHBL,2018-10-07,997,2018-10-04,1,157.0,140.0,-0.10828025477707004,-0.057035031847133766,-0.05713529154663144,False,BONUS:5.55;DIVIDEND:0.29,resolved_by_action
BHL,2024-11-06,2388,2024-11-05,1,513.2,337.2,-0.34294621979735007,0.11925175370226015,0.09980430528375717,False,RIGHT:100,resolved_by_action
BLDBL,2014-12-28,132,2014-12-24,1,460.0,323.0,-0.2978260869565217,0.023046739130434757,0.023160097739260976,False,BONUS:45;DIVIDEND:2.37,resolved_by_action
BLDBL,2015-12-31,351,2015-12-28,2,394.0,309.0,-0.2157360406091371,-0.019670050761421365,-0.019670050761421254,False,BONUS:25,resolved_by_action
BLDBL,2016-01-10,357,2016-01-07,1,306.0,323.0,0.05555555555555558,0.2538447712418299,0.25461151801913284,False,BONUS:18.5;DIVIDEND:0.97,adjustment_overshoot
BOK,2015-05-24,209,2014-06-12,200,564.0,460.0,-0.18439716312056742,-0.18439716312056742,-0.18439716312056742,False,,halt_resumption
BOKL,2017-02-26,623,2017-02-23,1,529.0,412.0,-0.22117202268431002,-0.042041587901701316,-0.042041587901701316,False,BONUS:23,resolved_by_action
BOKL,2018-06-24,925,2018-06-21,1,310.0,270.0,-0.12903225806451613,-0.013629032258064444,-0.013629032258064444,False,BONUS:13.25,resolved_by_action
BOKL,2019-01-14,1063,2019-01-13,1,329.0,274.0,-0.1671732522796353,-0.018814589665653525,-0.019431800345314332,False,BONUS:14;DIVIDEND:11,resolved_by_action
BOKL,2020-11-18,1451,2020-11-12,1,296.0,255.0,-0.1385135135135135,-0.016891891891891886,-0.017056114617090112,False,BONUS:13;DIVIDEND:3,resolved_by_action
BOKL,2021-11-28,1699,2021-11-25,1,341.0,295.0,-0.1348973607038123,-0.03724340175953078,-0.03766310794780492,False,BONUS:10;DIVIDEND:4,resolved_by_action
BPCL,2019-12-25,1294,2019-12-24,1,352.0,309.0,-0.12215909090909094,0.014204545454545636,0.014929829799941619,False,BONUS:10;DIVIDEND:18,resolved_by_action
BPCL,2021-01-03,1483,2020-12-31,1,445.0,396.0,-0.11011235955056176,0.010898876404494384,0.01125943122460793,False,BONUS:10;DIVIDEND:15,resolved_by_action
BUDBL,2014-11-04,97,2014-11-03,1,200.0,174.0,-0.13,-0.031544999999999934,-0.031632146563783214,False,BONUS:11;DIVIDEND:0.58,resolved_by_action
CBBL,2014-11-24,111,2014-11-20,2,1572.0,1142.0,-0.2735368956743003,-0.01323155216284988,-0.013312000000000213,False,BONUS:35;DIVIDEND:10,resolved_by_action
CBBL,2015-07-15,247,2015-07-14,1,1887.0,1420.0,-0.24748277689454157,0.10227874933757297,0.09963861641713989,False,RIGHT:50,resolved_by_action
CBBL,2015-12-13,338,2015-12-10,1,2046.0,1515.0,-0.2595307917888563,0.04255376344086015,0.04280618603839392,False,BONUS:40;DIVIDEND:12.7,resolved_by_action
CBBL,2016-12-11,571,2016-12-08,1,1755.0,1200.0,-0.3162393162393162,-0.03586039886039882,-0.03610863285205668,False,BONUS:40;DIVIDEND:12.7,resolved_by_action
CBBL,2017-10-23,768,2017-10-22,1,1445.0,1234.0,-0.14602076124567476,0.04034401384083042,0.04102120437351253,False,BONUS:19.89;DIVIDEND:25.11,resolved_by_action
CBBL,2019-04-29,1134,2019-04-28,1,1119.0,952.0,-0.14924039320822158,0.022573726541554873,0.02300336945633341,False,BONUS:18;DIVIDEND:22,resolved_by_action
CBBL,2019-12-02,1277,2019-12-01,1,983.0,760.0,-0.22685656154628686,-0.0006251271617496723,-0.0006357002867112271,False,BONUS:27.11;DIVIDEND:17.21,resolved_by_action
CBBL,2020-12-30,1481,2020-12-29,1,1385.0,1174.0,-0.15234657039711186,0.03893862815884486,0.03912649181992944,False,BONUS:22;DIVIDEND:7,resolved_by_action
CBBL,2021-12-22,1716,2021-12-21,1,1574.9,1275.0,-0.1904247888754842,0.029970156835354533,0.030024490315193164,False,BONUS:27;DIVIDEND:3,resolved_by_action
CBBL,2023-03-09,2004,2023-03-07,1,1023.0,859.0,-0.16031280547409577,0.027445747800586506,0.027529088550577674,False,BONUS:22;DIVIDEND:3.26,resolved_by_action
CBBLPO,2019-01-09,1060,2018-09-04,84,490.0,110.0,-0.7755102040816326,-0.7755102040816326,-0.7755102040816326,True,,halt_resumption
CBBLPO,2019-04-23,1130,2019-01-09,70,110.0,564.0,4.127272727272727,4.127272727272727,4.127272727272727,True,,halt_resumption
CBBLPO,2020-10-11,1429,2020-09-10,21,470.0,613.0,0.3042553191489361,0.3042553191489361,0.3042553191489361,True,,halt_resumption
CBBLPO,2021-03-29,1540,2020-12-29,60,570.0,918.0,0.6105263157894736,0.6105263157894736,0.6105263157894736,True,,halt_resumption
CBBLPO,2021-06-06,1586,2021-03-30,45,918.0,651.0,-0.29084967320261434,-0.29084967320261434,-0.29084967320261434,True,,halt_resumption
CBBLPO,2021-06-24,1600,2021-06-08,12,601.75,949.0,0.5770668882426258,0.5770668882426258,0.5770668882426258,True,,unresolved
CBBLPO,2022-03-24,1776,2021-11-22,81,949.0,696.0,-0.26659641728134875,-0.26659641728134875,-0.26659641728134875,True,,halt_resumption
CBBLPO,2024-12-08,2408,2022-03-24,632,696.0,526.0,-0.24425287356321834,-0.24425287356321834,-0.24425287356321834,True,,halt_resumption
CBBLPO,2025-09-21,2589,2025-07-14,41,526.0,391.25,-0.25617870722433456,-0.25617870722433456,-0.25617870722433456,True,,halt_resumption
CBL,2017-11-21,788,2017-11-20,1,227.0,189.0,-0.1674008810572687,-0.010572687224669752,-0.008988764044944864,False,RIGHT:40,resolved_by_action
CCBL,2015-10-07,300,2015-10-06,1,393.0,330.0,-0.16030534351145043,-0.013994910941475869,-0.013157894736842035,False,RIGHT:25,resolved_by_action
CCBL,2016-08-02,493,2016-08-01,1,575.0,474.0,-0.17565217391304344,0.01947826086956539,0.01851239669421534,False,RIGHT:30,resolved_by_action
CCBL,2017-07-11,707,2017-07-10,1,373.0,293.0,-0.21447721179624668,-0.00750670241286866,-0.006779661016950156,False,RIGHT:40,resolved_by_action
CDBL,2014-10-09,81,2014-10-08,1,462.0,373.0,-0.1926406926406926,-0.015367965367965253,-0.014430894308942621,False,RIGHT:30,resolved_by_action
CDBL,2014-12-21,128,2014-12-17,2,393.0,316.0,-0.1959287531806616,-0.01625318066157777,-0.016298488801566702,False,BONUS:22;DIVIDEND:1.15,resolved_by_action
CEFL,2018-08-06,956,2018-08-05,1,123.0,105.0,-0.14634146341463417,-0.07845528455284578,-0.03327586206897004,False,RIGHT:167,resolved_by_action
CFCL,2014-07-03,23,2014-07-02,1,180.0,158.0,-0.12222222222222223,-0.03444444444444439,-0.03444444444444439,False,BONUS:10,resolved_by_action
CFCL,2016-01-03,352,2015-12-31,1,252.0,192.0,-0.23809523809523814,0.01989285714285738,0.02002420640151481,False,BONUS:33;DIVIDEND:1.74,resolved_by_action
CFCL,2016-04-11,416,2016-04-10,1,220.0,214.0,-0.027272727272727226,0.1991045454545457,0.20061187009668102,False,BONUS:22.5;DIVIDEND:1.74,adjustment_overshoot
CFCL,2017-03-09,630,2016-04-11,214,214.0,155.0,-0.2757009345794392,-0.2757009345794392,-0.2757009345794392,False,,halt_resumption
CFCL,2017-06-15,691,2017-03-09,61,155.0,190.0,0.22580645161290325,0.22580645161290325,0.22580645161290325,False,,halt_resumption
CFCL,2017-12-19,806,2017-12-18,1,172.0,145.0,-0.15697674418604646,-0.026162790697674465,-0.020270270270270285,False,RIGHT:50,resolved_by_action
CHCL,2014-09-23,75,2014-09-22,1,2143.0,1740.0,-0.18805412972468505,-0.019015398973401765,-0.019142689371697608,False,BONUS:20;DIVIDEND:15,resolved_by_action
CHCL,2016-12-26,580,2016-12-22,1,900.0,790.0,-0.12222222222222223,-0.023888888888888737,-0.024143739472206938,False,BONUS:10;DIVIDEND:10,resolved_by_action
CHCL,2017-10-23,768,2017-10-22,1,906.0,786.0,-0.13245033112582782,0.008167770419426068,0.008254322364751987,False,BONUS:15;DIVIDEND:10,resolved_by_action
CHCL,2019-01-03,1056,2019-01-02,1,676.0,555.0,-0.17899408284023666,-0.0077662721893491105,-0.007821229050279155,False,BONUS:20;DIVIDEND:5,resolved_by_action
CHCL,2019-11-13,1264,2019-11-12,1,451.0,373.0,-0.17294900221729492,0.002993348115299277,0.0030252100840337803,False,BONUS:20;DIVIDEND:5,resolved_by_action
CHCL,2020-12-14,1469,2020-12-13,1,627.0,558.0,-0.11004784688995217,-0.005901116427432074,-0.005991902834008522,False,BONUS:10;DIVIDEND:10,resolved_by_action
CHCL,2024-12-31,2422,2024-12-29,1,570.0,504.8,-0.1143859649122807,-0.02249122807017534,-0.022566449568737768,False,BONUS:10;DIVIDEND:2,resolved_by_action
CHDC,2024-09-23,2363,2024-09-22,1,2031.0,1808.0,-0.10979812900049235,-0.011875923190546422,-0.011875923190546422,False,BONUS:11,resolved_by_action
CHL,2022-01-05,1725,2022-01-04,1,485.0,417.9,-0.13835051546391752,0.05828865979381437,0.0548932038834955,False,RIGHT:30,resolved_by_action
CHL,2025-05-18,2509,2025-05-15,1,478.22,318.0,-0.33503408473087704,0.12082305215172928,0.0999273632873301,False,RIGHT:100,resolved_by_action
CIT,2014-07-02,22,2014-07-01,1,4680.0,3432.0,-0.2666666666666667,0.10053386752136739,0.100587567956953,False,BONUS:50;DIVIDEND:2.63,resolved_by_action
CIT,2016-02-21,385,2016-02-17,2,4400.0,4400.0,0.0,0.3514768181818182,0.35199665323926066,False,BONUS:35;DIVIDEND:6.84,adjustment_overshoot
CIT,2016-02-28,390,2016-02-25,1,4785.0,3754.0,-0.21546499477533965,-0.21546499477533965,-0.21546499477533965,False,,unresolved
CIT,2017-08-13,729,2017-08-10,1,4730.0,3978.0,-0.15898520084566592,0.02500750528541218,0.0250132826662397,False,BONUS:21.85;DIVIDEND:1.15,resolved_by_action
CIT,2018-04-05,873,2018-04-04,1,2749.0,2340.0,-0.14878137504547106,-0.14878137504547106,-0.14878137504547106,True,,unresolved
CIT,2018-04-22,884,2018-04-19,1,2741.0,2807.0,0.024078803356439193,0.24977714337832913,0.24987734501414538,True,BONUS:22;DIVIDEND:1.157,adjustment_overshoot
CIT,2018-12-02,1032,2018-11-29,1,2189.0,1760.0,-0.1959798994974874,-0.01810963910461416,-0.01811876056379258,False,BONUS:22.06;DIVIDEND:1.16,resolved_by_action
CIT,2019-09-05,1224,2019-09-04,1,2297.0,1916.0,-0.16586852416195041,0.018120156726164405,0.018128854156412855,False,BONUS:22;DIVIDEND:1.16,resolved_by_action
CIT,2020-05-12,1355,2020-03-22,1,2440.0,2367.0,-0.029918032786885207,-0.029918032786885207,-0.029918032786885207,True,,unresolved
CIT,2020-12-29,1480,2020-12-28,1,5008.0,3062.0,-0.3885782747603834,0.10138194888178909,0.09973222493733958,False,RIGHT:82.84,resolved_by_action
CIT,2022-08-10,1876,2022-08-09,1,2879.0,2254.0,-0.21708926710663423,0.018304951372004163,0.018314493197514325,False,BONUS:30;DIVIDEND:1.5789,resolved_by_action
CIT,2023-07-04,2082,2023-07-03,1,2613.0,2139.0,-0.18140068886337546,0.02372752009184853,0.02373887632330396,False,BONUS:25;DIVIDEND:1.3158,resolved_by_action
CITY,2025-08-12,2568,2025-08-11,1,961.15,636.2,-0.3380845861728138,0.10821411850387563,0.09989914997838745,False,RIGHT:80,resolved_by_action
CIVIC,2014-07-24,38,2014-07-16,6,265.0,236.0,-0.10943396226415092,0.018867924528301883,0.01724137931034475,False,RIGHT:25,resolved_by_action
CLBSL,2019-07-08,1181,2019-07-04,2,510.0,559.0,0.09607843137254912,0.09607843137254912,0.09607843137254912,True,,unresolved
CLBSL,2020-07-01,1359,2020-05-12,4,1022.0,590.0,-0.4227005870841487,-0.4227005870841487,-0.4227005870841487,True,,unresolved
CLBSL,2021-10-31,1682,2021-10-28,1,1433.1,1310.0,-0.08589770427744048,-0.08589770427744048,-0.08589770427744048,True,,unresolved
CLBSLP,2022-07-17,1855,2021-04-15,304,665.0,418.0,-0.37142857142857144,-0.37142857142857144,-0.37142857142857144,True,,halt_resumption
CLI,2025-03-12,2468,2025-03-11,1,725.6,562.1,-0.22533076074972436,-0.014433825661521515,-0.014460714099857275,False,BONUS:26.9841;DIVIDEND:1.4202,resolved_by_action
CORBL,2018-03-29,868,2014-12-17,742,125.0,147.0,0.17599999999999993,0.17599999999999993,0.17599999999999993,True,,halt_resumption
CORBL,2022-01-10,1728,2022-01-09,1,987.0,500.2,-0.49321175278622087,0.1149949341438703,0.09982409850483731,False,RIGHT:150,resolved_by_action
CSDBL,2014-07-13,29,2014-07-07,4,135.0,154.0,0.14074074074074083,0.14074074074074083,0.14074074074074083,False,,unresolved
CSDBL,2015-12-07,334,2015-11-16,14,335.0,295.0,-0.11940298507462688,0.014926865671641698,0.014960381391744715,False,BONUS:15;DIVIDEND:0.79,resolved_by_action
CSDBL,2016-07-18,483,2016-07-17,1,746.0,465.0,-0.3766756032171582,0.11260053619302957,0.09929078014184389,False,RIGHT:100,resolved_by_action
CYCL,2023-01-03,1966,2023-01-02,1,2508.0,2000.0,-0.20255183413078148,0.037281100478469,0.03730342601373504,False,BONUS:30;DIVIDEND:1.58,resolved_by_action
CYCL,2023-07-03,2081,2023-03-13,75,1345.0,1289.0,-0.04163568773234205,-0.04163568773234205,-0.04163568773234205,True,,halt_resumption
CZBIL,2014-09-14,68,2014-09-11,1,506.0,452.0,-0.10671936758893286,0.02057806324110656,0.020810536677009273,False,BONUS:13;DIVIDEND:5.95,resolved_by_action
CZBIL,2015-09-28,293,2015-09-24,1,701.0,569.0,-0.18830242510699002,-0.024539942938659243,-0.02457491223245656,False,BONUS:20;DIVIDEND:1.05,resolved_by_action
CZBIL,2016-06-06,454,2016-06-05,1,814.0,590.0,-0.27518427518427513,0.0558968058968059,0.05235903337168968,False,RIGHT:55,resolved_by_action
CZBIL,2016-09-22,525,2016-09-21,1,711.0,595.0,-0.16315049226441636,-0.029819268635724372,-0.029852374961543138,False,BONUS:15.8;DIVIDEND:0.83,resolved_by_action
CZBIL,2017-03-09,630,2017-03-07,1,435.0,371.0,-0.1471264367816092,0.008620689655172376,0.008152173913043459,False,RIGHT:25,resolved_by_action
CZBIL,2017-08-28,739,2017-08-27,1,375.0,314.0,-0.16266666666666663,-0.026160000000000183,-0.02622644031546595,False,BONUS:16;DIVIDEND:1,resolved_by_action
CZBIL,2021-10-10,1670,2021-10-06,1,398.0,333.5,-0.1620603015075377,-0.04648868090452263,-0.04683377403878053,False,BONUS:12.913;DIVIDEND:3.087,resolved_by_action
CZBILP,2016-02-29,391,2015-07-28,138,150.0,315.0,1.1,1.1,1.1,False,,halt_resumption
CZBILP,2018-01-21,825,2017-08-24,88,325.0,150.0,-0.5384615384615384,-0.5384615384615384,-0.5384615384615384,False,,halt_resumption
CZBILP,2019-09-16,1231,2019-04-22,102,159.0,140.0,-0.11949685534591192,-0.11949685534591192,-0.11949685534591192,True,,halt_resumption
CZBILP,2021-02-14,1512,2020-10-20,76,150.0,171.0,0.1399999999999999,0.1399999999999999,0.1399999999999999,True,,halt_resumption
CZBILP,2021-07-18,1616,2021-07-08,6,168.0,204.0,0.2142857142857142,0.2142857142857142,0.2142857142857142,True,,unresolved
CZBILP,2021-12-16,1713,2021-10-06,44,204.0,143.0,-0.2990196078431373,-0.2990196078431373,-0.2990196078431373,True,,halt_resumption
CZBILP,2023-03-15,2008,2022-10-12,91,153.0,100.0,-0.3464052287581699,-0.3464052287581699,-0.3464052287581699,True,,halt_resumption
CZBILP,2023-06-26,2077,2023-05-28,20,100.0,133.0,0.33000000000000007,0.33000000000000007,0.33000000000000007,False,,halt_resumption
CZBILP,2023-08-10,2109,2023-06-26,32,133.0,100.0,-0.24812030075187974,-0.24812030075187974,-0.24812030075187974,True,,halt_resumption
CZBILP,2023-12-28,2190,2023-10-01,50,108.0,125.0,0.15740740740740744,0.15740740740740744,0.15740740740740744,True,,halt_resumption
CZBILP,2024-01-02,2192,2023-12-28,2,125.0,100.0,-0.19999999999999996,-0.19999999999999996,-0.19999999999999996,True,,unresolved
CZBILP,2024-12-31,2422,2024-09-29,55,102.0,123.0,0.2058823529411764,0.2058823529411764,0.2058823529411764,True,,halt_resumption
DBBL,2017-01-02,585,2017-01-01,1,315.0,228.0,-0.2761904761904762,0.05676190476190501,0.04806451612903273,False,BONUS:14;RIGHT:50,resolved_by_action
DBBL,2017-11-09,780,2017-11-08,1,237.0,233.0,-0.016877637130801704,0.1548438818565403,0.15540451841029856,False,BONUS:17.1;DIVIDEND:0.9,adjustment_overshoot
DBBL,2017-11-12,781,2017-11-09,1,233.0,197.0,-0.15450643776824036,-0.15450643776824036,-0.15450643776824036,False,,unresolved
DBBL,2018-03-04,851,2018-02-28,1,169.0,141.0,-0.16568047337278102,-0.06863905325443798,-0.05550239234449861,False,RIGHT:40,resolved_by_action
DDBL,2014-12-08,119,2014-12-01,5,1250.0,909.0,-0.27280000000000004,-0.006879999999999886,-0.006959336435363506,False,BONUS:35;DIVIDEND:15,resolved_by_action
DDBL,2015-12-13,338,2015-12-10,1,2299.0,1490.0,-0.3518921270117442,-0.026751413658112178,-0.02678051810547477,False,BONUS:50;DIVIDEND:2.63,resolved_by_action
DDBL,2017-02-13,614,2017-02-12,1,1938.0,873.0,-0.5495356037151703,0.15523658410732732,0.14630919418174404,False,BONUS:35;DIVIDEND:17.63;RIGHT:100,action_mismatch
DDBL,2017-12-31,813,2017-12-28,1,1034.0,833.0,-0.19439071566731136,-0.05171179883945842,-0.05243442020102951,False,BONUS:16;DIVIDEND:15,resolved_by_action
DDBL,2020-01-27,1317,2020-01-26,1,1032.0,805.0,-0.21996124031007747,0.02785852713178305,0.028248587570622208,False,BONUS:30;DIVIDEND:15,resolved_by_action
DDBL,2021-03-23,1537,2021-03-22,1,1978.0,1737.0,-0.121840242669363,0.012285136501516636,0.012314709236032284,False,BONUS:15;DIVIDEND:5,resolved_by_action
DDBL,2021-09-28,1663,2021-09-27,1,1666.1,1297.0,-0.22153532200948323,-0.06524197227057205,-0.0652811680069717,False,BONUS:20;DIVIDEND:1.053,resolved_by_action
DDBL,2023-03-05,2002,2023-03-02,1,819.0,712.0,-0.13064713064713063,-0.030891367521367563,-0.03129255295142075,False,BONUS:10;DIVIDEND:11.0526,resolved_by_action
DDBL,2024-03-28,2250,2024-03-27,1,797.7,709.0,-0.11119468471856597,-0.021687369938573342,-0.021700971744211373,False,BONUS:10;DIVIDEND:0.5263,resolved_by_action
DORDI,2025-02-27,2459,2025-02-25,1,599.0,384.4,-0.35826377295492495,0.1165275459098496,0.09985693848354793,False,RIGHT:100,resolved_by_action
EBL,2014-09-03,62,2014-09-01,1,2257.0,1942.0,-0.13956579530350022,-0.015268054940185904,-0.015596288753113807,False,BONUS:12;DIVIDEND:50,resolved_by_action
EBL,2015-12-01,330,2015-11-30,1,2501.0,1990.0,-0.20431827269092362,0.03688184726109567,0.03697411993986566,False,BONUS:30;DIVIDEND:6.57,resolved_by_action
EBL,2016-12-21,578,2016-12-20,1,3190.0,1800.0,-0.4357366771159875,-0.03965791536050156,-0.03970136595419682,False,BONUS:70;DIVIDEND:3.675,resolved_by_action
EBL,2017-06-21,695,2017-06-20,1,1665.0,1318.0,-0.20840840840840846,0.035435191591591586,0.03473970274268279,False,RIGHT:33.3333,resolved_by_action
EBL,2017-12-28,812,2017-12-27,1,1085.0,798.0,-0.2645161290322581,-0.020282949308755627,-0.020313897578522755,False,BONUS:33;DIVIDEND:1.74,resolved_by_action
EBL,2022-11-29,1943,2022-11-28,1,539.9,471.0,-0.12761622522689386,-0.0006927208742359969,-0.0007022102725484647,False,BONUS:13;DIVIDEND:7.68,resolved_by_action
EBL,2023-10-03,2142,2023-10-02,1,566.0,503.0,-0.11130742049469966,-0.00476413427561817,-0.004849850673520728,False,BONUS:10;DIVIDEND:10.53,resolved_by_action
EBL,2024-09-24,2364,2024-09-23,1,695.0,609.9,-0.1224460431654677,-0.027131654676259,-0.02733830472499621,False,BONUS:10;DIVIDEND:5.53,resolved_by_action
EDBL,2015-01-01,135,2014-12-24,4,680.0,510.0,-0.25,0.015070588235294169,0.015109428354063148,False,BONUS:35;DIVIDEND:1.84,resolved_by_action
EDBL,2016-01-11,358,2016-01-10,1,714.0,702.0,-0.01680672268907568,0.20177661064425778,0.19470689596918755,False,RIGHT:25.925,adjustment_overshoot
EDBL,2016-01-12,359,2016-01-11,1,702.0,590.0,-0.15954415954415957,-0.15954415954415957,-0.15954415954415957,False,,unresolved
EDBL,2016-03-29,408,2016-03-28,1,704.0,570.0,-0.19034090909090906,0.022005681818181966,0.02204614149831796,False,BONUS:26;DIVIDEND:1.36,resolved_by_action
EDBL,2017-03-20,636,2017-03-19,1,650.0,515.0,-0.20769230769230773,-0.007700769230769233,-0.0077155415252742054,False,BONUS:25;DIVIDEND:1.31,resolved_by_action
EDBL,2017-09-06,743,2017-09-04,1,656.0,455.0,-0.30640243902439024,-0.035823170731707266,-0.033286118980169976,False,RIGHT:50,resolved_by_action
EDBL,2017-11-21,788,2017-11-20,1,495.0,391.0,-0.21010101010101012,0.030848888888888926,0.030942717209153425,False,BONUS:30.12;DIVIDEND:1.58,resolved_by_action
EDBL,2020-05-12,1355,2020-03-19,2,375.0,314.0,-0.16266666666666663,-0.01720266666666659,-0.017241978377367184,False,BONUS:17.1;DIVIDEND:0.9,resolved_by_action
EDBL,2021-09-20,1657,2021-09-16,1,1053.0,686.5,-0.34805318138651475,-0.08210588793922113,-0.07961084768299154,False,BONUS:12;DIVIDEND:0.63;RIGHT:30,resolved_by_action
EFL,2015-10-01,296,2015-09-30,1,211.0,183.0,-0.1327014218009479,-0.01127962085308043,-0.01127962085308043,False,BONUS:14,resolved_by_action
EIC,2017-07-02,700,2017-06-19,7,2930.0,2282.0,-0.221160409556314,-0.06539249146757675,-0.06539249146757686,False,BONUS:20,resolved_by_action
EIC,2018-11-14,1020,2018-11-12,2,1050.0,574.0,-0.45333333333333337,0.02066666666666639,0.018787878787877466,False,RIGHT:105,resolved_by_action
EIC,2018-11-19,1023,2018-11-18,1,643.0,945.0,0.4696734059097978,0.4696734059097978,0.4696734059097978,True,,unresolved
EIC,2019-04-22,1129,2019-04-21,1,990.0,354.0,-0.6424242424242423,0.1272727272727272,0.0976744186046512,False,RIGHT:300,resolved_by_action
FBBL,2016-03-29,408,2016-03-28,1,495.0,406.0,-0.17979797979797985,-0.00017373737373749254,-0.00017373737373749254,False,BONUS:21.9,resolved_by_action
FFCL,2014-11-19,108,2014-10-30,14,320.0,257.0,-0.19687500000000002,-0.005078125000000044,-0.005241512781227864,False,BONUS:20;DIVIDEND:10.5,resolved_by_action
FMDBL,2015-02-12,163,2015-02-11,1,1234.0,733.0,-0.40599675850891415,0.10696920583468406,0.09895052473763122,False,RIGHT:100,resolved_by_action
FMDBL,2015-11-03,313,2015-10-29,3,610.0,535.0,-0.12295081967213117,0.00983688524590165,0.009849002748463453,False,BONUS:15;DIVIDEND:0.79,resolved_by_action
FMDBL,2016-09-21,524,2016-09-20,1,1805.0,1510.0,-0.1634349030470914,-0.03753434903047104,-0.03754996190936999,False,BONUS:15;DIVIDEND:0.79,resolved_by_action
FMDBL,2017-04-12,651,2017-04-11,1,1450.0,1100.0,-0.24137931034482762,0.10344827586206895,0.10000000000000009,False,RIGHT:50,resolved_by_action
FMDBL,2017-09-12,747,2017-09-11,1,1044.0,876.0,-0.16091954022988508,-0.03433860153256707,-0.034363304271892714,False,BONUS:15;DIVIDEND:0.79,resolved_by_action
FMDBL,2018-01-23,827,2018-01-22,1,783.0,585.0,-0.25287356321839083,0.05683269476372921,0.05342136854741897,False,RIGHT:50,resolved_by_action
FMDBL,2019-10-01,1242,2019-09-30,1,376.0,319.0,-0.15159574468085102,-0.005118351063829851,-0.005129886486767488,False,BONUS:17;DIVIDEND:0.89,resolved_by_action
FMDBL,2021-11-21,1694,2021-11-18,1,1014.0,902.0,-0.11045364891518739,-0.02100246548323459,-0.0210128994032045,False,BONUS:10;DIVIDEND:0.53,resolved_by_action
FMDBL,2023-01-01,1964,2022-12-29,1,762.9,664.0,-0.12963691178398218,0.03697732337134618,0.03702342673403747,False,BONUS:19;DIVIDEND:1,resolved_by_action
FOWAD,2018-03-04,851,2018-02-28,1,3080.0,1980.0,-0.3571428571428571,-0.03108766233766236,-0.031232161787490775,False,BONUS:50;DIVIDEND:15,resolved_by_action
FOWAD,2018-12-30,1052,2018-12-27,1,1859.0,1495.0,-0.19580419580419584,0.015465303926842422,0.015625,False,BONUS:25;DIVIDEND:20,resolved_by_action
FOWAD,2019-12-31,1298,2019-12-30,1,1394.0,1080.0,-0.22525107604017214,0.035060975609756184,0.03536221398209238,False,BONUS:32.5;DIVIDEND:12.5,resolved_by_action
FOWAD,2021-02-17,1515,2021-02-16,1,3348.0,2730.0,-0.1845878136200717,0.021132317801672684,0.02117184743677636,False,BONUS:25;DIVIDEND:6.58,resolved_by_action
FOWAD,2022-01-02,1722,2021-12-29,1,2650.0,2050.0,-0.2264150943396226,0.04684905660377359,0.04696691698034727,False,BONUS:35;DIVIDEND:7,resolved_by_action
FOWAD,2023-01-01,1964,2022-12-29,1,2380.0,1970.0,-0.17226890756302526,0.03665966386554631,0.03673297547626553,False,BONUS:25;DIVIDEND:5,resolved_by_action
FOWAD,2024-12-01,2403,2024-11-28,1,1532.0,1348.0,-0.1201044386422977,-0.00264425587467354,-0.0026454041734825795,False,BONUS:13.3;DIVIDEND:0.7,resolved_by_action
GBBL,2014-11-11,102,2014-11-10,1,375.0,319.0,-0.14933333333333332,0.023460000000000036,0.02352257003629643,False,BONUS:20;DIVIDEND:1.05,resolved_by_action
GBBL,2015-02-12,163,2015-02-11,1,400.0,352.0,-0.12,0.03750000000000009,0.03529411764705892,False,RIGHT:25,resolved_by_action
GBBL,2015-12-29,350,2015-12-28,1,357.0,296.0,-0.17086834733893552,-0.005042016806722671,-0.005042016806722671,False,BONUS:20,resolved_by_action
GBBL,2017-02-05,608,2017-02-02,1,404.0,329.0,-0.1856435643564357,-0.022772277227722793,-0.022772277227722793,False,BONUS:20,resolved_by_action
GBBL,2017-04-12,651,2017-04-11,1,500.0,360.0,-0.28,0.08400000000000007,0.07368421052631757,False,RIGHT:70,resolved_by_action
GBBL,2017-12-31,813,2017-12-28,1,227.0,189.0,-0.1674008810572687,-0.04251101321585904,-0.04251101321585904,False,BONUS:15,resolved_by_action
GBBL,2018-09-30,992,2018-09-27,1,206.0,182.0,-0.11650485436893199,-0.010861650485436858,-0.011052794072244798,False,BONUS:10;DIVIDEND:3.75,resolved_by_action
GBBL,2019-12-01,1276,2019-11-28,1,224.0,187.0,-0.1651785714285714,-0.02674999999999994,-0.026846780245752155,False,BONUS:16.15;DIVIDEND:0.85,resolved_by_action
GBBL,2021-01-25,1498,2021-01-24,1,368.0,323.0,-0.12228260869565222,-0.0019565896739129895,-0.0019601849887573852,False,BONUS:13.5;DIVIDEND:0.7105,resolved_by_action
GBBL,2022-03-20,1772,2022-03-16,1,558.0,469.0,-0.15949820788530467,-0.025017921146953448,-0.025017921146953448,False,BONUS:16,resolved_by_action
GBBLPO,2017-01-31,605,2016-04-12,188,175.0,200.0,0.1428571428571428,0.1428571428571428,0.1428571428571428,False,,halt_resumption
GBBLPO,2017-07-25,717,2017-01-31,112,200.0,165.0,-0.17500000000000004,-0.17500000000000004,-0.17500000000000004,False,,halt_resumption
GBBLPO,2018-07-08,935,2017-12-20,128,156.0,115.0,-0.2628205128205128,-0.2628205128205128,-0.2628205128205128,True,,halt_resumption
GBBLPO,2021-01-19,1494,2020-07-20,122,115.0,197.0,0.7130434782608697,0.7130434782608697,0.7130434782608697,True,,halt_resumption
GBBLPO,2021-03-21,1535,2021-01-19,41,197.0,173.0,-0.12182741116751272,-0.12182741116751272,-0.12182741116751272,True,,halt_resumption
GBBLPO,2022-01-04,1724,2021-03-21,189,173.0,277.0,0.6011560693641618,0.6011560693641618,0.6011560693641618,True,,halt_resumption
GBBLPO,2022-11-03,1927,2022-03-10,160,277.0,207.0,-0.25270758122743686,-0.25270758122743686,-0.25270758122743686,True,,halt_resumption
GBIME,2014-09-28,77,2014-09-24,1,660.0,537.0,-0.1863636363636364,-0.00974242424242433,-0.009798841816519466,False,BONUS:21;DIVIDEND:4,resolved_by_action
GBIME,2015-10-29,310,2015-10-28,1,501.0,408.0,-0.18562874251497008,0.0016766467065867374,0.0016766467065867374,False,BONUS:23,resolved_by_action
GBIME,2017-03-20,636,2017-03-19,1,416.0,371.0,-0.10817307692307687,0.03451923076923058,0.03451923076923058,False,BONUS:16,resolved_by_action
GBIME,2017-10-25,770,2017-10-24,1,389.0,345.0,-0.11311053984575836,2.220446049250313e-16,-3.3306690738754696e-16,False,BONUS:10;DIVIDEND:10,resolved_by_action
GBIME,2018-12-30,1052,2018-12-27,1,324.0,281.0,-0.13271604938271608,0.0060493827160492675,0.0060493827160492675,False,BONUS:16,resolved_by_action
GBIME,2020-12-30,1481,2020-12-29,1,350.0,306.0,-0.12571428571428567,0.002114285714285735,0.0021258259120942036,False,BONUS:14;DIVIDEND:2,resolved_by_action
GBIME,2021-11-29,1700,2021-11-28,1,365.2,323.9,-0.11308871851040525,-0.015292990142387719,-0.01543350604490501,False,BONUS:10;DIVIDEND:3.5,resolved_by_action
GBIME,2022-12-07,1949,2022-06-15,120,251.4,221.4,-0.11933174224343679,-0.05285600636435961,-0.055061533999088974,False,BONUS:3;DIVIDEND:10.6,resolved_by_action
GBIMEP,2015-03-01,172,2014-09-24,96,132.0,231.0,0.75,0.75,0.75,False,,halt_resumption
GBIMEP,2016-07-13,480,2016-03-23,76,250.0,306.0,0.22399999999999998,0.22399999999999998,0.22399999999999998,False,,halt_resumption
GBIMEP,2018-01-21,825,2017-03-05,198,261.0,179.0,-0.31417624521072796,-0.31417624521072796,-0.31417624521072796,False,,halt_resumption
GBIMEP,2020-01-22,1314,2019-08-26,98,173.0,118.0,-0.3179190751445087,-0.3179190751445087,-0.3179190751445087,True,,halt_resumption
GBIMEP,2020-02-13,1330,2020-01-22,16,118.0,173.0,0.4661016949152543,0.4661016949152543,0.4661016949152543,True,,unresolved
GBIMEP,2020-03-01,1341,2020-02-13,11,173.0,121.0,-0.3005780346820809,-0.3005780346820809,-0.3005780346820809,True,,unresolved
GBIMEP,2020-03-10,1346,2020-03-01,5,121.0,173.0,0.4297520661157024,0.4297520661157024,0.4297520661157024,True,,unresolved
GBIMEP,2020-03-11,1347,2020-03-10,1,173.0,170.0,-0.017341040462427793,-0.017341040462427793,-0.017341040462427793,True,,unresolved
GBIMEP,2022-12-12,1951,2022-06-15,122,160.0,121.0,-0.24375000000000002,-0.24375000000000002,-0.24375000000000002,True,,halt_resumption
GBIMEP,2025-03-03,2461,2024-12-12,49,100.0,122.0,0.21999999999999997,0.21999999999999997,0.21999999999999997,True,,halt_resumption
GBLBS,2019-04-15,1124,2019-04-11,1,446.0,346.0,-0.22421524663677128,0.05156950672645744,0.0463709677419355,False,RIGHT:50,resolved_by_action
GCIL,2024-01-01,2191,2023-12-28,1,578.0,515.0,-0.10899653979238755,0.024653979238754342,0.024653979238754342,False,BONUS:15,resolved_by_action
GDBL,2014-10-14,84,2014-09-30,5,270.0,241.0,-0.1074074074074074,0.017037037037037184,0.01765834932821453,False,BONUS:10;DIVIDEND:10,resolved_by_action
GDBL,2015-11-04,314,2015-11-03,1,403.0,335.0,-0.16873449131513651,0.025308933002481382,0.025381329623827886,False,BONUS:23;DIVIDEND:1.21,resolved_by_action
GDBL,2016-01-14,361,2016-01-13,1,342.0,362.0,0.0584795321637428,0.2883040935672516,0.26505376344086073,False,RIGHT:30,adjustment_overshoot
GDBL,2016-01-17,362,2016-01-14,1,362.0,292.0,-0.1933701657458563,-0.1933701657458563,-0.1933701657458563,False,,unresolved
GDBL,2017-08-02,723,2016-09-08,205,561.0,517.0,-0.07843137254901966,0.1053226381461676,0.10550666358345206,False,BONUS:19.75;DIVIDEND:1.03,adjustment_overshoot
GDBL,2017-12-04,796,2017-11-30,1,320.0,269.0,-0.15937500000000004,-0.02734375,-0.025362318840579712,False,RIGHT:25,resolved_by_action
GDBL,2018-05-22,903,2018-05-21,1,256.0,210.0,-0.1796875,-0.02128023437500004,-0.02128023437500004,False,BONUS:19.3106,resolved_by_action
GFCL,2016-01-03,352,2015-12-31,1,215.0,192.0,-0.10697674418604652,-0.017674418604651132,-0.017674418604651132,False,BONUS:10,resolved_by_action
GFCL,2016-09-27,528,2016-09-26,1,500.0,405.0,-0.18999999999999995,0.015008000000000132,0.015045734702634261,False,BONUS:25;DIVIDEND:1.32,resolved_by_action
GFCL,2017-06-18,692,2017-06-15,1,299.0,217.0,-0.274247491638796,-0.03946488294314365,-0.03286908077994344,False,RIGHT:60,resolved_by_action
GFCL,2017-12-11,800,2017-12-10,1,177.0,158.0,-0.10734463276836159,-0.013506214689265383,-0.01354518195849308,False,BONUS:10.19;DIVIDEND:0.536,resolved_by_action
GFL,2017-08-10,728,2017-08-09,1,309.0,190.0,-0.3851132686084142,-0.3851132686084142,-0.3851132686084142,False,,unresolved
GHL,2019-02-18,1088,2019-02-17,1,190.0,280.0,0.4736842105263157,0.4736842105263157,0.4736842105263157,True,,unresolved
GHL,2023-10-29,2154,2023-10-19,1,174.6,132.0,-0.24398625429553267,0.12256586483390608,0.057127602776294584,False,RIGHT:200,resolved_by_action
GILB,2018-11-04,1014,2018-11-01,1,1270.0,1104.0,-0.13070866141732285,0.00027411417322831255,0.000274275742156993,False,BONUS:15;DIVIDEND:0.7875,resolved_by_action
GILB,2019-07-17,1188,2019-07-16,1,1202.0,695.0,-0.4217970049916805,0.07321131447587348,0.06758832565284179,False,RIGHT:100,resolved_by_action
GILB,2019-11-11,1262,2019-11-10,1,876.0,749.0,-0.14497716894977164,0.005649543378995592,0.005655185653265837,False,BONUS:17.5;DIVIDEND:0.92,resolved_by_action
GILB,2020-12-30,1481,2020-12-29,1,1732.0,1420.0,-0.18013856812933027,0.04587269053117771,0.04590920319133707,False,BONUS:27.47;DIVIDEND:1.45,resolved_by_action
GILB,2021-11-30,1701,2021-11-29,1,2175.1,1690.0,-0.22302422877109096,-0.005471012826996469,-0.005471012826996469,False,BONUS:28,resolved_by_action
GLBSL,2021-10-25,1678,2021-10-24,1,1576.0,1397.0,-0.11357868020304573,0.036819376903553414,0.0368391272105042,False,BONUS:16.9064;DIVIDEND:0.8894,resolved_by_action
GLICL,2019-03-21,1108,2019-03-19,1,734.0,510.0,-0.3051771117166212,0.05258848773841973,0.049009582972980636,False,BONUS:8;DIVIDEND:0.421;RIGHT:50,resolved_by_action
GLICL,2020-03-05,1345,2020-03-04,1,840.0,494.0,-0.4119047619047619,0.05714285714285716,0.051063829787234116,False,RIGHT:100,resolved_by_action
GLICL,2023-04-06,2023,2023-04-05,1,418.5,370.0,-0.11589008363201914,0.0014419115890083045,0.0014419115890083045,False,BONUS:13.2712,resolved_by_action
GMFBS,2021-02-28,1522,2021-02-25,1,1773.0,1434.0,-0.19120135363790192,-0.06945826283135925,-0.0694876765376432,False,BONUS:15;DIVIDEND:0.79,resolved_by_action
GMFBS,2021-12-22,1716,2021-12-21,1,1398.0,1176.1,-0.1587267525035766,0.0017947067238910375,0.0017959271321710268,False,BONUS:19;DIVIDEND:1,resolved_by_action
GMFIL,2015-01-25,149,2014-12-18,22,285.0,218.0,-0.23508771929824557,-0.04925438596491216,-0.049460471261836725,False,BONUS:23.75;DIVIDEND:1.25,resolved_by_action
GMFIL,2016-01-13,360,2015-12-27,12,219.0,187.0,-0.1461187214611872,-0.014609589041095994,-0.014659827399375547,False,BONUS:15;DIVIDEND:0.79,resolved_by_action
GMFIL,2016-09-05,515,2016-09-01,2,447.0,350.0,-0.21700223713646527,0.06263982102908283,0.05633802816901423,False,RIGHT:50,resolved_by_action
GMFIL,2017-10-15,763,2017-10-12,1,248.0,195.0,-0.21370967741935487,-0.06048387096774188,-0.05208333333333426,False,RIGHT:40,resolved_by_action
GMFIL,2018-01-03,816,2018-01-02,1,195.0,166.0,-0.14871794871794874,-0.01421538461538474,-0.01421538461538474,False,BONUS:15.8,resolved_by_action
GRDBL,2018-01-01,814,2017-12-31,1,565.0,195.0,-0.6548672566371682,0.017699115044247815,0.010362694300518172,False,RIGHT:400,resolved_by_action
GRDBLP,2021-07-06,1608,2021-07-04,2,100.0,187.0,0.8700000000000001,0.8700000000000001,0.8700000000000001,True,,unresolved
GRDBLP,2022-06-08,1824,2022-02-27,63,177.0,135.0,-0.23728813559322037,-0.23728813559322037,-0.23728813559322037,True,,halt_resumption
GRDBLP,2023-01-12,1972,2022-09-02,78,135.0,153.0,0.1333333333333333,0.1333333333333333,0.1333333333333333,True,,halt_resumption
GRDBLP,2024-01-08,2196,2023-01-12,224,153.0,178.0,0.1633986928104576,0.1633986928104576,0.1633986928104576,True,,halt_resumption
GRDBLP,2024-07-08,2314,2024-01-08,118,178.0,277.0,0.5561797752808988,0.5561797752808988,0.5561797752808988,True,,halt_resumption
GUFL,2017-05-03,664,2017-05-02,1,290.0,227.0,-0.21724137931034482,0.0017241379310344307,0.0014705882352941124,False,RIGHT:50,resolved_by_action
GUFLPO,2021-01-21,1496,2019-06-27,322,100.0,176.0,0.76,0.76,0.76,True,,halt_resumption
GUFLPO,2021-05-09,1567,2021-01-21,71,176.0,259.0,0.47159090909090917,0.47159090909090917,0.47159090909090917,True,,halt_resumption
GUFLPO,2021-07-20,1618,2021-05-09,51,259.0,649.0,1.505791505791506,1.505791505791506,1.505791505791506,True,,halt_resumption
GUFLPO,2022-04-25,1796,2021-08-04,168,649.0,258.0,-0.6024653312788906,-0.6024653312788906,-0.6024653312788906,True,,halt_resumption
GUFLPO,2022-12-15,1954,2022-08-10,78,255.0,284.0,0.11372549019607847,0.11372549019607847,0.11372549019607847,True,,halt_resumption
GUFLPO,2024-03-27,2249,2023-05-07,206,289.0,432.0,0.4948096885813149,0.4948096885813149,0.4948096885813149,True,,halt_resumption
GUFLPO,2024-06-19,2301,2024-03-27,52,432.0,355.0,-0.1782407407407407,-0.1782407407407407,-0.1782407407407407,True,,halt_resumption
GUFLPO,2024-09-09,2355,2024-06-19,54,355.0,474.0,0.3352112676056338,0.3352112676056338,0.3352112676056338,True,,halt_resumption
GUFLPO,2024-12-19,2416,2024-09-16,56,474.0,385.0,-0.18776371308016881,-0.18776371308016881,-0.18776371308016881,True,,halt_resumption
GUFLPO,2025-04-21,2492,2024-12-19,76,385.0,331.0,-0.1402597402597403,-0.1402597402597403,-0.1402597402597403,True,,halt_resumption
GVL,2024-12-29,2421,2024-12-26,1,561.5,500.0,-0.10952804986642917,-0.019590409617097015,-0.01960786935094816,False,BONUS:10;DIVIDEND:0.5263,resolved_by_action
HAMRO,2015-01-26,150,2014-11-19,42,284.0,228.0,-0.19718309859154926,0.11830985915492942,0.09491525423728997,False,RIGHT:70,resolved_by_action
HAMRO,2016-12-26,580,2016-12-22,1,554.0,411.0,-0.2581227436823105,-0.07265342960288812,-0.07265342960288801,False,BONUS:25,resolved_by_action
HAMRO,2017-04-24,658,2017-04-23,1,627.0,303.0,-0.5167464114832536,0.13078149920255178,0.09915356711003609,False,RIGHT:200,resolved_by_action
HBL,2014-12-01,114,2014-11-25,2,835.0,712.0,-0.1473053892215569,-0.012517964071856458,-0.012604725339990464,False,BONUS:15;DIVIDEND:6.05,resolved_by_action
HBL,2015-12-06,333,2015-12-03,1,1338.0,1000.0,-0.2526158445440957,0.0140097159940209,0.014080698288456706,False,BONUS:35;DIVIDEND:7.1,resolved_by_action
HBL,2016-10-27,545,2016-10-25,2,1595.0,1400.0,-0.12225705329153602,-0.005821880877742824,-0.005770199784911223,False,RIGHT:14.2857,resolved_by_action
HBL,2016-12-21,578,2016-12-20,1,1199.0,900.0,-0.24937447873227692,-0.022942869057547832,-0.022971444461563184,False,BONUS:30;DIVIDEND:1.57,resolved_by_action
HBL,2017-12-26,810,2017-12-24,1,839.0,649.0,-0.22646007151370684,-0.03158520858164482,-0.031632336993522525,False,BONUS:25;DIVIDEND:1.3158,resolved_by_action
HBL,2020-12-29,1480,2020-12-28,1,639.0,545.0,-0.14710485133020346,-0.018779342723004522,-0.018948365703457593,False,BONUS:14;DIVIDEND:6,resolved_by_action
HBL,2022-06-06,1822,2021-05-13,251,484.0,358.9,-0.25847107438016537,-0.09086400826446284,-0.09169551991092784,False,BONUS:21.38;DIVIDEND:4.62,resolved_by_action
HBLPO,2015-06-25,233,2014-10-30,139,245.0,425.0,0.7346938775510203,0.7346938775510203,0.7346938775510203,False,,halt_resumption
HBLPO,2020-01-21,1313,2015-06-25,1080,425.0,290.0,-0.3176470588235294,-0.3176470588235294,-0.3176470588235294,True,,halt_resumption
HBLPO,2023-11-06,2160,2020-10-19,725,300.0,125.0,-0.5833333333333333,-0.5833333333333333,-0.5833333333333333,True,,halt_resumption
HBLPO,2023-12-27,2189,2023-11-08,27,124.5,300.0,1.4096385542168677,1.4096385542168677,1.4096385542168677,True,,halt_resumption
HBLPO,2024-01-14,2200,2024-01-11,1,150.0,123.2,-0.17866666666666664,-0.17866666666666664,-0.17866666666666664,True,,unresolved
HBLPO,2024-05-16,2280,2024-02-05,65,120.8,150.0,0.24172185430463577,0.24172185430463577,0.24172185430463577,True,,halt_resumption
HBLPO,2024-06-13,2298,2024-05-16,18,150.0,125.0,-0.16666666666666663,-0.16666666666666663,-0.16666666666666663,True,,unresolved
HDHPC,2023-05-10,2046,2023-05-09,1,189.5,163.6,-0.13667546174142486,0.11503957783641172,0.0824196597353497,False,RIGHT:75,resolved_by_action
HDL,2014-11-17,106,2014-11-09,6,263.0,283.0,0.07604562737642584,0.11404562737642587,0.11855054820834288,False,DIVIDEND:10.52,adjustment_overshoot
HDL,2019-12-01,1276,2019-11-28,1,1750.0,1178.0,-0.32685714285714285,0.03828485714285712,0.039410847578663866,False,BONUS:50;DIVIDEND:52.63,resolved_by_action
HDL,2021-01-03,1483,2020-12-31,1,5280.0,3872.0,-0.2666666666666667,0.10899621212121202,0.10998566650740549,False,BONUS:50;DIVIDEND:50,action_mismatch
HDL,2022-01-02,1722,2021-12-29,1,6870.0,4318.0,-0.3714701601164483,0.1033842794759825,0.10374292495891901,False,BONUS:75;DIVIDEND:25,resolved_by_action
HDL,2023-01-04,1967,2023-01-03,1,4030.0,2770.6,-0.3125062034739454,0.10234739454094299,0.10258923019524913,False,BONUS:60;DIVIDEND:10,resolved_by_action
HDL,2025-01-05,2425,2025-01-02,1,1361.0,1196.0,-0.12123438648052898,0.014070536370315745,0.014119815668203195,False,BONUS:15;DIVIDEND:5,resolved_by_action
HGI,2016-06-09,457,2016-06-08,1,1660.0,1474.0,-0.11204819277108435,0.0661430722891565,0.06618284179800771,False,BONUS:20;DIVIDEND:1.05,resolved_by_action
HGI,2016-12-28,582,2016-12-27,1,1391.0,1150.0,-0.17325664989216394,-0.007190869877785833,-0.007196030222967553,False,BONUS:20;DIVIDEND:1.05,resolved_by_action
HGI,2017-07-02,700,2017-06-28,1,1675.0,719.0,-0.5707462686567164,0.057492537313432956,0.05219512195121512,False,RIGHT:170,resolved_by_action
HIDCL,2021-06-13,1591,2021-06-10,1,586.0,377.0,-0.35665529010238906,0.11604095563139927,0.0991253644314869,False,RIGHT:100,resolved_by_action
HLI,2025-02-09,2447,2025-02-06,1,488.8,427.0,-0.12643207855973815,-0.004132569558101484,-0.004132569558101373,False,BONUS:14,resolved_by_action
HURJA,2024-07-04,2312,2024-07-03,1,269.0,195.0,-0.275092936802974,0.07806691449814118,0.05691056910569103,False,RIGHT:100,resolved_by_action
ICFC,2014-12-09,120,2014-11-13,16,288.0,257.0,-0.10763888888888884,0.019732638888888765,0.01978092357386263,False,BONUS:14;DIVIDEND:0.74,resolved_by_action
ICFC,2015-11-01,311,2015-10-28,2,285.0,223.0,-0.21754385964912282,-0.0017543859649122862,-0.0014925373134329067,False,RIGHT:50,resolved_by_action
ICFC,2016-10-02,531,2016-09-28,2,382.0,303.0,-0.2068062827225131,-0.06974999999999998,-0.06990472367504519,False,BONUS:17;DIVIDEND:0.89,resolved_by_action
ICFC,2017-10-11,761,2017-10-10,1,271.0,234.0,-0.13653136531365317,-0.011448339483394743,-0.011909674571261686,False,BONUS:10;DIVIDEND:11.05,resolved_by_action
ICFC,2021-12-09,1708,2021-12-08,1,703.8,627.0,-0.1091219096334185,-0.014634839443023573,-0.014714285714285236,False,BONUS:10;DIVIDEND:4,resolved_by_action
IGI,2018-11-25,1027,2018-11-22,1,682.0,409.0,-0.4002932551319648,-0.4002932551319648,-0.4002932551319648,True,,unresolved
IGI,2022-02-13,1751,2022-02-10,1,1107.0,771.0,-0.3035230352303523,-0.3035230352303523,-0.3035230352303523,True,,unresolved
IGIPO,2020-09-22,1416,2019-07-18,227,248.0,316.0,0.27419354838709675,0.27419354838709675,0.27419354838709675,True,,halt_resumption
IGIPO,2024-07-01,2309,2024-02-20,84,310.0,511.11,0.648741935483871,0.648741935483871,0.648741935483871,True,,halt_resumption
IGIPO,2024-12-22,2417,2024-07-01,108,511.11,310.0,-0.393476942341179,-0.393476942341179,-0.393476942341179,True,,halt_resumption
ILBS,2022-01-02,1722,2021-12-29,1,1670.0,1348.5,-0.19251497005988027,0.031988922155688604,0.03201551228475363,False,BONUS:27.7;DIVIDEND:1.46,resolved_by_action
ILBS,2023-02-14,1991,2023-02-12,1,998.0,812.0,-0.18637274549098193,-0.023647294589178358,-0.02364729458917847,False,BONUS:20,resolved_by_action
ILBSP,2023-07-10,2086,2022-12-29,123,524.0,380.0,-0.2748091603053435,-0.2748091603053435,-0.2748091603053435,True,,halt_resumption
ILBSP,2024-09-25,2365,2024-07-17,44,358.0,536.0,0.4972067039106145,0.4972067039106145,0.4972067039106145,True,,halt_resumption
ILI,2024-05-27,2286,2024-05-26,1,560.0,457.0,-0.18392857142857144,0.02232144642857148,0.022371382950718166,False,BONUS:25;DIVIDEND:1.3158,resolved_by_action
INDB,2014-08-07,47,2014-07-28,7,368.0,320.0,-0.13043478260869568,0.01902173913043481,0.01781170483460559,False,RIGHT:25,resolved_by_action
INDB,2014-12-14,123,2014-12-03,7,275.0,237.0,-0.13818181818181818,0.018934545454545537,0.018996889792865623,False,BONUS:17.85;DIVIDEND:0.95,resolved_by_action
INDB,2016-01-10,357,2016-01-07,1,583.0,404.0,-0.307032590051458,0.04059479931389354,0.03642909202519018,False,RIGHT:66.6667,resolved_by_action
INDB,2016-03-16,400,2016-03-06,5,465.0,358.0,-0.23010752688172043,-0.01933548387096773,-0.019391740770536625,False,BONUS:27;DIVIDEND:1.42,resolved_by_action
JALPA,2023-06-06,2063,2023-06-05,1,1639.0,1445.0,-0.11836485661989016,0.007702867602196628,0.007706217620533806,False,BONUS:14.25;DIVIDEND:0.75,resolved_by_action
JBBL,2017-04-27,661,2017-04-26,1,394.0,259.0,-0.3426395939086294,0.060913705583756306,0.04858299595141702,False,RIGHT:100,resolved_by_action
JBBLPO,2016-11-29,563,2015-10-19,257,100.0,170.0,0.7,0.7,0.7,False,,halt_resumption
JBBLPO,2017-10-29,771,2017-07-10,65,164.0,120.0,-0.2682926829268293,-0.2682926829268293,-0.2682926829268293,False,,halt_resumption
JBBLPO,2021-04-20,1554,2021-01-10,66,111.0,147.0,0.32432432432432434,0.32432432432432434,0.32432432432432434,True,,halt_resumption
JBBLPO,2022-03-02,1763,2021-12-27,44,146.0,220.0,0.5068493150684932,0.5068493150684932,0.5068493150684932,True,,halt_resumption
JBBLPO,2022-06-29,1841,2022-04-25,45,220.0,160.0,-0.2727272727272727,-0.2727272727272727,-0.2727272727272727,True,,halt_resumption
JBBLPO,2024-11-17,2394,2024-08-25,49,144.0,204.0,0.41666666666666674,0.41666666666666674,0.41666666666666674,True,,halt_resumption
JBLB,2022-03-27,1777,2022-03-24,1,5100.0,3300.0,-0.3529411764705882,0.10068549019607853,0.10075455645673959,False,BONUS:70;DIVIDEND:3.68,resolved_by_action
JBLB,2024-12-31,2422,2024-12-29,1,1571.0,1395.0,-0.11203055378739657,0.012730719287078252,0.012736393995124828,False,BONUS:14;DIVIDEND:0.7368,resolved_by_action
JBLBP,2025-04-20,2491,2025-02-20,36,100.0,530.0,4.3,4.3,4.3,False,,halt_resumption
JBLBP,2025-04-21,2492,2025-04-20,1,530.0,100.0,-0.8113207547169812,-0.8113207547169812,-0.8113207547169812,True,,unresolved
JBNL,2016-10-27,545,2016-10-26,1,515.0,387.0,-0.2485436893203884,-0.2485436893203884,-0.2485436893203884,False,,unresolved
JBNL,2017-05-18,673,2016-10-27,128,387.0,319.0,-0.1757105943152455,0.24164987080103373,0.21138829773407175,False,RIGHT:50;BONUS:12;DIVIDEND:0.63,action_mismatch
JBNL,2017-12-26,810,2017-12-24,1,233.0,199.0,-0.14592274678111583,-0.022935622317596382,-0.022935622317596382,False,BONUS:14.4,resolved_by_action
JEFL,2015-12-29,350,2015-12-28,1,175.0,150.0,-0.1428571428571429,0.0054914285714287026,0.005517787832158394,False,BONUS:16.75;DIVIDEND:0.88,resolved_by_action
JEFL,2016-12-27,581,2016-12-26,1,235.0,201.0,-0.14468085106382977,-0.03513829787234035,-0.03523087261207647,False,BONUS:12.5;DIVIDEND:0.65,resolved_by_action
JEFL,2017-08-30,740,2017-08-28,1,238.0,166.0,-0.3025210084033614,-0.025210084033613467,-0.017751479289940808,False,RIGHT:100,resolved_by_action
JFL,2014-12-09,120,2014-11-16,15,612.0,353.0,-0.423202614379085,-0.008578431372548989,-0.008672668704055475,False,BONUS:70;DIVIDEND:7,resolved_by_action
JFL,2015-10-27,308,2015-10-25,1,417.0,319.0,-0.23501199040767384,-0.043764988009592276,-0.04376498800959239,False,BONUS:25,resolved_by_action
JFL,2018-01-03,816,2018-01-02,1,220.0,180.0,-0.18181818181818177,-0.03454545454545466,-0.034545454545454546,False,BONUS:18,resolved_by_action
JFL,2018-10-02,994,2018-10-01,1,220.0,173.0,-0.21363636363636362,-0.03562727272727273,-0.03580663139909901,False,BONUS:22;DIVIDEND:1.16,resolved_by_action
JFL,2019-12-30,1297,2019-12-29,1,199.0,162.0,-0.18592964824120606,-0.0012964824120603735,-0.0013037019070427647,False,BONUS:22;DIVIDEND:1.16,resolved_by_action
JFL,2022-02-07,1747,2022-02-06,1,677.1,595.0,-0.12125239994092452,0.011667442032196274,0.011680380412522284,False,BONUS:15;DIVIDEND:0.7895,resolved_by_action
JHBL,2014-07-10,28,2014-07-06,4,113.0,129.0,0.1415929203539823,0.1415929203539823,0.1415929203539823,False,,unresolved
JHBL,2014-07-16,32,2014-07-13,3,141.0,160.0,0.13475177304964547,0.13475177304964547,0.13475177304964547,False,,unresolved
JHBL,2016-01-06,355,2015-12-20,12,448.0,370.0,-0.1741071428571429,-0.1741071428571429,-0.1741071428571429,False,,unresolved
JOSHI,2025-06-22,2532,2025-06-19,1,458.02,348.6,-0.23889786472206442,0.11390332299899586,0.09974761959389622,False,RIGHT:65,resolved_by_action
JSLBB,2016-03-31,410,2016-03-28,3,596.0,528.0,-0.11409395973154357,-0.11409395973154357,-0.11409395973154357,False,,unresolved
JSLBB,2016-11-30,564,2016-11-29,1,1960.0,1665.0,-0.15051020408163263,0.019387755102040716,0.019387755102040716,False,BONUS:20,resolved_by_action
JSLBB,2018-01-02,815,2018-01-01,1,3700.0,3080.0,-0.16756756756756752,-0.0008114864864865456,-0.0008117053178529066,False,BONUS:20;DIVIDEND:1.05,resolved_by_action
JSLBB,2019-06-17,1166,2019-06-16,1,1700.0,893.0,-0.4747058823529412,-0.008235294117647007,-0.007777777777777772,False,RIGHT:100,resolved_by_action
JSLBB,2019-07-04,1179,2019-07-02,2,1200.0,1194.0,-0.0050000000000000044,0.19483125,0.19499333821238873,True,BONUS:20;DIVIDEND:1.05,adjustment_overshoot
JSLBB,2019-07-07,1180,2019-07-04,1,1194.0,1059.0,-0.11306532663316582,-0.11306532663316582,-0.11306532663316582,False,,unresolved
JSLBB,2020-05-12,1355,2020-03-22,1,1890.0,1467.0,-0.2238095238095238,-0.029098412698412734,-0.029117732082556413,False,BONUS:25;DIVIDEND:1.32,resolved_by_action
JSLBB,2021-05-06,1566,2021-05-05,1,5395.0,3972.0,-0.2637627432808156,0.10039629286376273,0.1004422784852379,False,BONUS:49.4;DIVIDEND:2.6,resolved_by_action
JSLBB,2022-01-05,1725,2022-01-04,1,2979.0,2480.0,-0.16750587445451492,0.04103723229271572,0.04105445773163319,False,BONUS:25;DIVIDEND:1.3157,resolved_by_action
JSLBB,2023-03-26,2014,2023-03-23,1,1090.0,918.0,-0.1577981651376147,-0.030779793577981773,-0.03080098762453498,False,BONUS:15;DIVIDEND:0.7895,resolved_by_action
KADBL,2014-12-29,133,2014-12-24,2,336.0,275.0,-0.18154761904761907,-0.01488839285714283,-0.014932724382654028,False,BONUS:20;DIVIDEND:1.05,resolved_by_action
KADBL,2016-01-10,357,2015-12-10,20,420.0,308.0,-0.2666666666666667,0.07439166666666663,0.06943137361654483,False,BONUS:25;DIVIDEND:1.31;RIGHT:25,resolved_by_action
KADBL,2016-12-15,574,2016-12-14,1,525.0,329.0,-0.3733333333333333,0.05832285714285712,0.05222893431276976,False,BONUS:25;DIVIDEND:1.31;RIGHT:50,resolved_by_action
KADBL,2017-06-15,691,2017-06-14,1,350.0,309.0,-0.1171428571428571,0.062000000000000055,0.057105263157895214,False,RIGHT:30,resolved_by_action
KADBL,2018-01-07,818,2018-01-04,1,236.0,210.0,-0.11016949152542377,0.0021228813559321935,0.0021283646003262824,False,BONUS:12.33;DIVIDEND:0.64,resolved_by_action
KAFIL,2014-10-13,83,2014-09-29,5,270.0,225.0,-0.16666666666666663,-0.018416666666666748,-0.018416666666666748,False,BONUS:17.79,resolved_by_action
KBBL,2014-11-30,113,2014-11-25,1,385.0,341.0,-0.11428571428571432,0.04324675324675309,0.044340878828229346,False,BONUS:15;DIVIDEND:10,resolved_by_action
KBBL,2015-10-04,297,2015-10-01,1,465.0,381.0,-0.1806451612903226,0.016000000000000014,0.016000000000000014,False,BONUS:24,resolved_by_action
KBBL,2016-12-29,583,2016-12-28,1,491.0,355.0,-0.27698574338085535,0.033604887983706755,0.03197674418604657,False,BONUS:25;RIGHT:20,resolved_by_action
KBBL,2017-11-19,786,2017-11-16,1,275.0,244.0,-0.11272727272727268,0.008645454545454845,0.008937213957465717,False,BONUS:10;DIVIDEND:9.45,resolved_by_action
KBL,2014-10-22,90,2014-10-21,1,570.0,436.0,-0.23508771929824557,0.020233333333333325,0.02029218065723959,False,BONUS:33;DIVIDEND:1.74,resolved_by_action
KBL,2017-03-05,627,2017-03-02,1,516.0,329.0,-0.3624031007751938,0.04201550387596886,0.03767453580210289,False,BONUS:21;DIVIDEND:1.1;RIGHT:50,resolved_by_action
KBL,2019-04-21,1128,2019-04-18,1,269.0,230.0,-0.14498141263940523,-0.07230483271375476,-0.07230483271375465,False,BONUS:8.5,resolved_by_action
KBL,2019-09-15,1230,2019-09-12,1,203.0,180.0,-0.11330049261083741,-0.02219704433497527,-0.022251192557257604,False,BONUS:10;DIVIDEND:0.52,resolved_by_action
KBL,2020-11-30,1459,2020-11-29,1,303.0,269.0,-0.11221122112211224,-0.006009900990098904,-0.0060698482537933085,False,BONUS:10.85;DIVIDEND:3.15,resolved_by_action
KBL,2022-11-27,1941,2022-09-25,31,186.0,198.6,0.06774193548387086,0.13158602150537635,0.14055994256999282,False,DIVIDEND:12.5,adjustment_overshoot
KBLPO,2015-03-18,183,2014-10-19,96,100.0,189.0,0.8899999999999999,0.8899999999999999,0.8899999999999999,False,,halt_resumption
KBLPO,2016-10-26,544,2016-01-13,184,192.0,320.0,0.6666666666666667,0.6666666666666667,0.6666666666666667,False,,halt_resumption
KBLPO,2017-05-21,674,2016-12-14,101,314.0,200.0,-0.36305732484076436,-0.36305732484076436,-0.36305732484076436,False,,halt_resumption
KBLPO,2017-09-06,743,2017-05-21,69,200.0,162.0,-0.18999999999999995,-0.18999999999999995,-0.18999999999999995,False,,halt_resumption
KBLPO,2018-07-12,939,2018-04-08,65,145.0,112.0,-0.22758620689655173,-0.22758620689655173,-0.22758620689655173,True,,halt_resumption
KBLPO,2018-10-28,1009,2018-07-12,70,112.0,145.0,0.2946428571428572,0.2946428571428572,0.2946428571428572,True,,halt_resumption
KBLPO,2019-09-03,1222,2019-04-10,100,145.0,114.0,-0.21379310344827585,-0.21379310344827585,-0.21379310344827585,True,,halt_resumption
KBLPO,2020-11-26,1457,2020-11-08,11,106.0,80.34,-0.24207547169811316,-0.24207547169811316,-0.24207547169811316,False,,unresolved
KBLPO,2020-11-29,1458,2020-11-26,1,80.34,110.0,0.3691809808314661,0.3691809808314661,0.3691809808314661,True,,unresolved
KBLPO,2021-04-22,1556,2021-04-12,7,112.0,100.0,-0.1071428571428571,-0.1071428571428571,-0.1071428571428571,True,,unresolved
KBLPO,2021-04-25,1557,2021-04-22,1,100.0,114.0,0.1399999999999999,0.1399999999999999,0.1399999999999999,True,,unresolved
KBLPO,2022-12-12,1951,2022-09-14,48,118.0,102.0,-0.13559322033898302,-0.13559322033898302,-0.13559322033898302,True,,halt_resumption
KBLPO,2023-01-24,1977,2022-12-20,20,100.0,115.0,0.1499999999999999,0.1499999999999999,0.1499999999999999,True,,halt_resumption
KBLPO,2025-04-20,2491,2025-03-11,24,100.0,115.0,0.1499999999999999,0.1499999999999999,0.1499999999999999,True,,halt_resumption
KEBL,2015-01-01,135,2014-12-24,4,375.0,302.0,-0.19466666666666665,-0.033600000000000074,-0.03359999999999996,False,BONUS:20,resolved_by_action
KEBL,2015-06-04,218,2015-04-06,22,587.0,433.0,-0.262350936967632,0.021294718909710353,0.019623233908948157,False,RIGHT:50,resolved_by_action
KEBL,2016-06-06,454,2016-05-26,7,882.0,735.0,-0.16666666666666663,0.0,0.0,False,BONUS:20,resolved_by_action
KEBL,2017-04-26,660,2017-04-25,1,700.0,617.0,-0.11857142857142855,0.05771428571428561,0.05771428571428561,False,BONUS:20,resolved_by_action
KEBL,2017-08-03,724,2017-08-02,1,585.0,580.0,-0.008547008547008517,0.4017094017094016,0.3700787401574803,False,RIGHT:50,adjustment_overshoot
KEBL,2017-08-10,728,2017-08-03,4,580.0,445.0,-0.23275862068965514,-0.23275862068965514,-0.23275862068965514,False,,unresolved
KEBL,2018-12-30,1052,2018-12-27,1,325.0,218.0,-0.3292307692307692,-0.09446153846153837,-0.09446153846153849,False,BONUS:35,resolved_by_action
KKBL,2015-12-27,348,2015-10-11,46,380.0,292.0,-0.2315789473684211,-0.2315789473684211,-0.2315789473684211,False,,halt_resumption
KKHC,2025-07-13,2547,2025-07-10,1,429.11,291.0,-0.321852205728135,0.12325510941250495,0.09996031071043832,False,RIGHT:100,resolved_by_action
KLBSL,2022-06-03,1821,2022-06-02,1,1210.0,918.1,-0.24123966942148756,-0.08948760330578509,-0.08948760330578509,False,BONUS:20,resolved_by_action
KMCDB,2017-04-18,654,2017-04-16,1,2599.0,1599.0,-0.38476337052712584,0.015140438630242281,0.015140438630242281,False,BONUS:65,resolved_by_action
KMCDB,2018-02-18,843,2018-02-15,1,1640.0,1330.0,-0.18902439024390238,-0.017016463414634253,-0.017016463414634253,False,BONUS:21.21,resolved_by_action
KMCDB,2023-03-30,2018,2023-03-29,1,785.0,654.0,-0.1668789808917197,-0.007375796178343941,-0.007384733116510667,False,BONUS:19;DIVIDEND:1,resolved_by_action
KMFL,2016-12-04,566,2016-12-01,1,3570.0,2173.0,-0.3913165266106443,-0.019165406162464982,-0.01918179128081532,False,BONUS:61;DIVIDEND:3.21,resolved_by_action
KMFL,2017-08-27,738,2017-08-24,1,3200.0,2700.0,-0.15625,0.04037500000000005,0.040071955834006134,False,RIGHT:24.2,resolved_by_action
KMFL,2017-12-26,810,2017-12-24,1,2360.0,1980.0,-0.1610169491525424,0.007828389830508486,0.007828389830508486,False,BONUS:20.125,resolved_by_action
KMFL,2018-10-30,1011,2018-10-29,1,1625.0,1100.0,-0.32307692307692304,-0.01538461538461533,-0.014925373134328401,False,RIGHT:50,resolved_by_action
KMFL,2018-12-16,1042,2018-12-13,1,1150.0,982.0,-0.1460869565217391,0.10281173913043484,0.10294184867569589,False,BONUS:29;DIVIDEND:1.53,resolved_by_action
KNBL,2015-12-08,335,2015-12-02,4,340.0,289.0,-0.15000000000000002,0.0661742647058825,0.06641830313290842,False,BONUS:25;DIVIDEND:1.315,resolved_by_action
KNBL,2016-11-27,561,2016-11-24,1,663.0,548.0,-0.1734539969834088,-0.008144796380090469,-0.008144796380090469,False,BONUS:20,resolved_by_action
KNBL,2017-07-03,701,2017-07-02,1,511.0,231.0,-0.547945205479452,-0.009589041095890316,-0.006796116504856231,False,RIGHT:210,resolved_by_action
KPCL,2022-01-03,1723,2022-01-02,1,518.0,440.0,-0.1505791505791506,-0.021718098455598578,-0.021749590224726445,False,BONUS:15;DIVIDEND:0.7895,resolved_by_action
KPCL,2023-01-01,1964,2022-12-29,1,385.4,340.0,-0.1177996886351842,0.016476453035806804,0.016508580300830467,False,BONUS:15;DIVIDEND:0.7895,resolved_by_action
KRBL,2015-03-04,175,2015-03-03,1,324.0,284.0,-0.12345679012345678,0.095679012345679,0.095679012345679,False,BONUS:25,resolved_by_action
KRBL,2016-05-22,443,2016-01-14,82,198.0,169.0,-0.14646464646464652,0.16482323232323237,0.13119597989949705,False,BONUS:11;DIVIDEND:5;RIGHT:50,action_mismatch
KRBL,2018-01-04,817,2018-01-03,1,230.0,137.0,-0.4043478260869565,-0.04239130434782612,-0.021428571428571463,False,RIGHT:225,resolved_by_action
KSBBL,2021-10-27,1680,2021-10-26,1,719.0,613.0,-0.14742698191933246,0.011580667593880545,0.011595528901088281,False,BONUS:18.5;DIVIDEND:0.97,resolved_by_action
LBBL,2019-08-07,1203,2019-08-06,1,205.0,174.0,-0.15121951219512197,-0.006332682926829203,-0.006332682926829203,False,BONUS:17.07,resolved_by_action
LBBL,2020-01-08,1304,2020-01-07,1,204.0,180.0,-0.11764705882352944,-0.003676470588235281,-0.003952569169959785,False,BONUS:5;DIVIDEND:15,resolved_by_action
LBBL,2021-12-13,1710,2021-12-12,1,485.5,413.0,-0.14933058702368696,-0.03740475798146248,-0.03745490280592145,False,BONUS:13;DIVIDEND:0.6842,resolved_by_action
LBL,2014-10-27,92,2014-10-26,1,638.0,538.0,-0.15673981191222575,0.013475705329153653,0.013496807312372905,False,BONUS:20;DIVIDEND:1.05,resolved_by_action
LBL,2015-06-03,217,2015-06-02,1,520.0,439.0,-0.15576923076923077,0.03980769230769243,0.037636363636364134,False,RIGHT:30,resolved_by_action
LBL,2017-04-03,645,2017-03-30,2,798.0,485.0,-0.3922305764411027,0.09022556390977443,0.0801781737193763,False,RIGHT:100,resolved_by_action
LBL,2017-06-18,692,2017-06-15,1,490.0,408.0,-0.1673469387755102,-0.015054693877550984,-0.015054693877550984,False,BONUS:18.29,resolved_by_action
LBL,2021-12-12,1709,2021-12-09,1,292.0,259.5,-0.11130136986301364,-0.028818493150684965,-0.029150428682775065,False,BONUS:8;DIVIDEND:3.5,resolved_by_action
LEC,2024-11-06,2388,2024-11-05,1,276.0,232.1,-0.15905797101449282,0.08025362318840568,0.0679447852760735,False,RIGHT:50,resolved_by_action
LFC,2016-04-25,425,2016-04-24,1,234.0,170.0,-0.27350427350427353,-0.27350427350427353,-0.27350427350427353,False,,unresolved
LFC,2016-07-28,490,2016-04-25,65,170.0,257.0,0.5117647058823529,0.5117647058823529,0.5117647058823529,False,,halt_resumption
LFLC,2016-04-05,413,2016-01-14,52,234.0,209.0,-0.10683760683760679,0.09080299145299131,0.0912252003932732,False,BONUS:21.61;DIVIDEND:1.14,resolved_by_action
LFLC,2017-01-03,586,2017-01-02,1,380.0,276.0,-0.27368421052631575,-0.014873684210526261,-0.014942419339488144,False,BONUS:35;DIVIDEND:1.84,resolved_by_action
LGIL,2016-11-30,564,2016-11-29,1,1600.0,1401.0,-0.12437500000000001,0.03538362500000014,0.035403805168946256,False,BONUS:18.18;DIVIDEND:0.96,resolved_by_action
LGIL,2017-06-27,698,2017-06-25,1,1759.0,983.0,-0.44115974985787376,0.060830017055145014,0.05755782678859611,False,RIGHT:100,resolved_by_action
LGIL,2017-12-17,804,2017-12-14,1,770.0,664.0,-0.1376623376623377,-0.026284025974026015,-0.026305770939224482,False,BONUS:12.82;DIVIDEND:0.67,resolved_by_action
LGIL,2019-10-15,1247,2019-10-10,2,360.0,314.0,-0.12777777777777777,-0.008888888888888835,-0.00842105263157955,False,RIGHT:20,resolved_by_action
LICN,2015-02-15,164,2015-02-12,1,3499.0,2854.0,-0.18433838239497002,0.060360102886539035,0.060360102886539035,False,BONUS:30,resolved_by_action
LICN,2016-05-12,437,2016-05-11,1,4238.0,3390.0,-0.20009438414346392,0.0001779141104294446,0.00017796676978032444,False,BONUS:25;DIVIDEND:1.32,resolved_by_action
LICN,2017-05-21,674,2017-05-18,1,2850.0,2250.0,-0.21052631578947367,-0.014303508771929763,-0.014309709646110003,False,BONUS:24.8;DIVIDEND:1.3,resolved_by_action
LICN,2019-03-05,1097,2019-03-03,1,1604.0,1425.0,-0.11159600997506236,-0.004614401496259135,-0.004616123909076952,False,BONUS:12;DIVIDEND:0.63,resolved_by_action
LICN,2019-07-25,1194,2019-07-24,1,1597.0,1177.0,-0.26299311208515963,0.012115028177833498,0.01237661494844211,False,BONUS:34.46;DIVIDEND:35.53,resolved_by_action
LICN,2021-02-21,1517,2021-02-18,1,2755.0,2426.0,-0.11941923774954633,-0.031179678765880126,-0.031185338367115567,False,BONUS:10;DIVIDEND:0.5263,resolved_by_action
LICN,2022-02-07,1747,2022-02-06,1,2332.0,2005.0,-0.14022298456260718,0.03216122212692962,0.03217501889092644,False,BONUS:20;DIVIDEND:1.0526,resolved_by_action
LICN,2024-10-27,2383,2024-10-24,1,1988.0,1212.0,-0.3903420523138833,0.10441795975855128,0.09997001326830901,False,RIGHT:88.4517,resolved_by_action
LLBS,2016-09-11,519,2016-09-08,1,3250.0,1842.0,-0.4332307692307692,0.10276923076923072,0.09970149253731342,False,RIGHT:100,resolved_by_action
LLBS,2019-11-27,1274,2019-11-26,1,683.0,569.0,-0.16691068814055632,-0.026202049780380765,-0.026621207117632273,False,BONUS:15;DIVIDEND:11.32,resolved_by_action
LLBS,2021-01-03,1483,2020-12-31,1,1535.0,1350.0,-0.12052117263843654,0.016450814332247488,0.016534315317485504,False,BONUS:15;DIVIDEND:8.16,resolved_by_action
LLBS,2021-11-16,1691,2021-11-15,1,1930.6,1628.0,-0.15673883766704644,0.015539200248627427,0.015595747394513193,False,BONUS:20;DIVIDEND:7.3684,resolved_by_action
LLBS,2023-03-01,2000,2023-02-28,1,948.0,820.0,-0.13502109704641352,-0.0002637130801689258,-0.00026504108136726767,False,BONUS:15;DIVIDEND:5,resolved_by_action
LSLPO,2024-12-23,2418,2024-10-08,45,140.0,116.9,-0.16499999999999992,-0.16499999999999992,-0.16499999999999992,False,,halt_resumption
MBBL,2015-12-16,341,2015-12-15,1,210.0,180.0,-0.1428571428571429,0.0028571428571428914,0.0028571428571426694,False,BONUS:17,resolved_by_action
MBL,2016-11-03,546,2016-10-27,1,799.0,549.0,-0.31289111389236546,-0.03191489361702127,-0.030035335689045928,False,RIGHT:50,resolved_by_action
MBL,2016-12-18,575,2016-12-15,1,514.0,438.0,-0.14785992217898836,0.030973735408560188,0.03103626079387567,False,BONUS:20.75;DIVIDEND:1.09,resolved_by_action
MBL,2017-11-19,786,2017-11-16,1,314.0,278.0,-0.1146496815286624,-0.01681528662420373,-0.017126175802789634,False,BONUS:9;DIVIDEND:6,resolved_by_action
MBL,2021-10-24,1677,2021-10-21,1,364.9,319.0,-0.125787887092354,-0.007695258975061514,-0.0077093085507981,False,BONUS:13.3;DIVIDEND:0.7,resolved_by_action
MBL,2023-09-25,2137,2023-09-24,1,263.6,225.0,-0.14643399089529596,-0.030386949924127493,-0.03046380284100636,False,BONUS:13.3;DIVIDEND:0.7,resolved_by_action
MDB,2014-12-31,134,2014-12-29,1,465.0,366.0,-0.2129032258064516,-0.013440430107526824,-0.013476663493978913,False,BONUS:25;DIVIDEND:1.316,resolved_by_action
MDB,2015-12-21,344,2015-12-20,1,645.0,496.0,-0.2310077519379845,0.0020170542635660205,0.002021759163573167,False,BONUS:30;DIVIDEND:1.58,resolved_by_action
MDB,2016-09-22,525,2016-09-21,1,1297.0,919.0,-0.29144178874325366,0.02428681572860447,0.023385300668151476,False,RIGHT:50,resolved_by_action
MDB,2016-11-03,546,2016-10-27,1,868.0,673.0,-0.22465437788018439,0.009678571428571425,0.009695337213314836,False,BONUS:30;DIVIDEND:1.58,resolved_by_action
MDB,2017-12-19,806,2017-12-18,1,490.0,359.0,-0.2673469387755102,-0.03348938775510213,-0.033597516906452074,False,BONUS:31.48;DIVIDEND:1.66,resolved_by_action
MDB,2019-02-27,1095,2019-02-26,1,274.0,232.0,-0.15328467153284675,-0.006257299270072902,-0.006276667600204289,False,BONUS:17;DIVIDEND:0.89,resolved_by_action
MDB,2020-03-10,1346,2020-03-05,1,464.0,360.0,-0.22413793103448276,-0.07841325431034496,-0.07857009817550664,False,BONUS:18.525;DIVIDEND:0.975,resolved_by_action
MDB,2020-12-29,1480,2020-12-28,1,387.0,324.0,-0.16279069767441856,-0.03527002583979344,-0.035338557072565835,False,BONUS:15;DIVIDEND:0.79,resolved_by_action
MDB,2021-12-29,1721,2021-12-28,1,502.0,448.8,-0.10597609561752985,0.01425378486055795,0.014272691912593505,False,BONUS:13.3;DIVIDEND:0.7,resolved_by_action
MDB,2024-12-31,2422,2024-12-29,1,695.8,600.0,-0.1376832423110088,-0.05501181373958042,-0.055049424253092116,False,BONUS:9.5079;DIVIDEND:0.5004,resolved_by_action
MDBL,2015-12-31,351,2015-12-29,1,326.0,250.0,-0.2331288343558282,-0.2331288343558282,-0.2331288343558282,False,,unresolved
MEGA,2016-05-30,449,2015-01-28,297,395.0,433.0,0.09620253164556969,0.20709746835443044,0.20736178901460467,False,BONUS:10;DIVIDEND:0.53,adjustment_overshoot
MEGA,2016-07-25,487,2016-07-21,1,601.0,518.0,-0.13810316139767054,0.035773710482529086,0.034345047923322714,False,RIGHT:25,resolved_by_action
MEGA,2017-01-19,598,2017-01-18,1,471.0,458.0,-0.027600849256900206,0.4664543524416134,0.40988805970149134,False,RIGHT:65,adjustment_overshoot
MEGA,2017-04-30,662,2017-01-19,64,458.0,458.0,0.0,0.13395196506550233,0.13414674144773509,False,BONUS:13.25;DIVIDEND:0.7,adjustment_overshoot
MEGA,2018-05-28,907,2018-02-15,65,449.0,281.0,-0.3741648106904232,-0.3741648106904232,-0.3741648106904232,True,,halt_resumption
MEGA,2018-06-28,929,2018-06-27,1,176.0,174.0,-0.011363636363636354,0.09495332954545455,0.09495332954545455,True,BONUS:10.7539,adjustment_overshoot
MEGA,2018-07-01,930,2018-06-28,1,174.0,153.0,-0.12068965517241381,-0.12068965517241381,-0.12068965517241381,False,,unresolved
MEGA,2021-11-30,1701,2021-11-29,1,322.0,285.0,-0.1149068322981367,-0.020290372670807466,-0.020415050299421922,False,BONUS:10;DIVIDEND:2.07,resolved_by_action
MEN,2024-03-13,2240,2024-03-12,1,641.0,567.0,-0.11544461778471138,0.01840877535101404,0.01843034043070446,False,BONUS:15;DIVIDEND:0.7895,resolved_by_action
MEN,2024-12-26,2420,2024-12-24,1,728.2,624.0,-0.14309255698983803,-0.013526469376545003,-0.013540415614145984,False,BONUS:15;DIVIDEND:0.7895,resolved_by_action
MERO,2017-09-18,751,2017-09-17,1,2325.0,1788.0,-0.23096774193548386,0.004688064516129131,0.004711367547940215,False,BONUS:30;DIVIDEND:12.105,resolved_by_action
MERO,2018-10-03,995,2018-10-02,1,1313.0,1084.0,-0.1744097486671744,-0.04238080731150051,-0.042730789727900675,False,BONUS:15;DIVIDEND:11.32,resolved_by_action
MERO,2019-02-07,1081,2019-02-06,1,1092.0,620.0,-0.43223443223443225,0.04395604395604402,0.04026845637583887,False,RIGHT:100,resolved_by_action
MERO,2019-11-06,1259,2019-11-05,1,562.0,434.0,-0.22775800711743777,0.00658540925266915,0.0066030447868774544,False,BONUS:30;DIVIDEND:1.58,resolved_by_action
MERO,2021-01-03,1483,2020-12-31,1,1015.0,899.0,-0.11428571428571432,0.03658790246305421,0.03661846065866725,False,BONUS:16.9399;DIVIDEND:0.8916,resolved_by_action
MERO,2021-11-25,1698,2021-11-24,1,1440.0,1215.0,-0.15625,0.013194423611111228,0.013203592497493144,False,BONUS:20;DIVIDEND:1.0526,resolved_by_action
MERO,2023-01-08,1969,2023-01-05,1,943.9,835.0,-0.11537239114312958,-0.016845004767453986,-0.017016267123287965,False,BONUS:10;DIVIDEND:10,resolved_by_action
METRO,2014-11-10,101,2014-10-30,7,376.0,312.0,-0.17021276595744683,-0.035324468085106475,-0.03539959808316617,False,BONUS:16;DIVIDEND:0.84,resolved_by_action
MFIL,2016-12-26,580,2016-12-22,1,351.0,179.0,-0.49002849002849,0.045216524216524334,0.02857081136351991,False,BONUS:14;DIVIDEND:0.74;RIGHT:180,resolved_by_action
MFIL,2020-12-30,1481,2020-12-29,1,379.0,337.0,-0.1108179419525066,0.06302110817941942,0.06390208012841936,False,BONUS:18;DIVIDEND:5.5,resolved_by_action
MFIL,2022-01-02,1722,2021-12-29,1,939.0,650.0,-0.30777422790202347,-0.02481363152289673,-0.02496517732776149,False,BONUS:40;DIVIDEND:6,resolved_by_action
MFILPO,2017-08-27,738,2016-12-12,166,193.0,110.0,-0.43005181347150256,-0.43005181347150256,-0.43005181347150256,False,,halt_resumption
MFILPO,2020-12-28,1479,2019-09-24,242,100.0,217.0,1.17,1.17,1.17,True,,halt_resumption
MFILPO,2023-12-06,2176,2021-12-22,460,217.0,285.0,0.31336405529953915,0.31336405529953915,0.31336405529953915,True,,halt_resumption
MIDBL,2015-01-19,146,2014-12-21,18,192.0,170.0,-0.11458333333333337,0.01822916666666652,0.01822916666666674,False,BONUS:15,resolved_by_action
MIDBL,2015-10-25,307,2015-09-24,15,204.0,172.0,-0.1568627450980392,0.019607843137254832,0.015748031496062964,False,RIGHT:50,resolved_by_action
MIDBL,2017-03-06,628,2017-03-05,1,571.0,342.0,-0.4010507880910683,0.022767075306479923,0.019374068554396384,False,RIGHT:100,resolved_by_action
MIDBL,2017-07-13,709,2017-06-25,12,358.0,317.0,-0.11452513966480449,0.08070391061452509,0.08073819051664377,False,BONUS:22;DIVIDEND:0.16,resolved_by_action
MIDBL,2018-01-01,814,2017-12-28,2,250.0,216.0,-0.136,0.04078999999999988,0.04095340408228809,False,BONUS:20;DIVIDEND:1.05,resolved_by_action
MIDBL,2018-12-26,1050,2018-12-25,1,173.0,174.0,0.005780346820809301,0.1195462427745666,0.11992160432799759,True,BONUS:11;DIVIDEND:0.57,adjustment_overshoot
MKLB,2021-12-20,1714,2021-12-16,1,1560.0,1300.0,-0.16666666666666663,-0.025000000000000022,-0.025000000000000133,False,BONUS:17,resolved_by_action
MLBBL,2014-09-23,75,2014-09-21,2,969.0,805.0,-0.16924664602683182,-0.16924664602683182,-0.16924664602683182,False,,unresolved
MLBBL,2014-11-23,110,2014-11-20,1,847.0,706.0,-0.166469893742621,0.0014167296340021895,0.001418404205021151,False,BONUS:20;DIVIDEND:1.0526,resolved_by_action
MLBBL,2015-12-29,350,2015-12-24,3,1500.0,1225.0,-0.18333333333333335,-0.020000000000000018,-0.020000000000000018,False,BONUS:20,resolved_by_action
MLBBL,2016-07-26,488,2016-07-21,2,2605.0,1877.0,-0.27946257197696733,0.0616122840690978,0.06045197740112984,False,RIGHT:50,resolved_by_action
MLBBL,2016-12-26,580,2016-12-21,2,1358.0,1181.0,-0.13033873343151692,-0.019777908689249002,-0.01978704453381641,False,BONUS:12.66;DIVIDEND:0.66,resolved_by_action
MLBBL,2019-01-15,1064,2019-01-14,1,915.0,663.0,-0.2754098360655738,0.032240437158469915,0.030569948186528473,False,RIGHT:50,resolved_by_action
MLBBL,2022-01-03,1723,2022-01-02,1,1959.0,1655.0,-0.15518121490556402,0.05666156712608483,0.056697745149777656,False,BONUS:25;DIVIDEND:1.3158,resolved_by_action
MLBBL,2023-02-20,1994,2023-02-16,1,1060.0,909.9,-0.14160377358490572,-0.012136768867924475,-0.012145362571285512,False,BONUS:15;DIVIDEND:0.7895,resolved_by_action
MLBL,2017-08-13,729,2017-03-14,97,228.0,240.0,0.05263157894736836,0.1368421052631581,0.1368421052631581,False,BONUS:8,adjustment_overshoot
MLBL,2018-09-30,992,2018-09-27,1,207.0,180.0,-0.13043478260869568,-0.028743961352657,-0.029698028450211966,False,BONUS:8;DIVIDEND:7,resolved_by_action
MLBL,2019-11-06,1259,2019-11-05,1,211.0,187.0,-0.11374407582938384,0.0016848341232227337,0.0017633534965737496,False,BONUS:8;DIVIDEND:9.89,resolved_by_action
MLBL,2021-12-28,1720,2021-12-27,1,564.4,458.0,-0.18851878100637842,-0.024450797306874494,-0.02449419464887126,False,BONUS:20;DIVIDEND:1.0526,resolved_by_action
MLBLPO,2021-06-10,1590,2021-03-02,66,110.0,220.0,1.0,1.0,1.0,True,,halt_resumption
MLBLPO,2021-12-27,1719,2021-06-10,129,220.0,315.0,0.4318181818181819,0.4318181818181819,0.4318181818181819,True,,halt_resumption
MLBLPO,2022-04-13,1789,2021-12-27,70,315.0,229.0,-0.27301587301587305,-0.27301587301587305,-0.27301587301587305,True,,halt_resumption
MLBLPO,2025-07-24,2556,2024-09-16,196,155.0,232.0,0.49677419354838714,0.49677419354838714,0.49677419354838714,True,,halt_resumption
MLBSL,2021-03-17,1533,2021-03-16,1,446.0,446.0,0.0,0.0,0.0,True,,unresolved
MLBSL,2021-12-02,1703,2021-12-01,1,5397.0,3970.0,-0.2644061515656846,0.08544098573281445,0.08547860138563856,False,BONUS:47.5;DIVIDEND:2.5,resolved_by_action
MLBSL,2023-02-20,1994,2023-02-16,1,4079.0,2738.0,-0.32875704829615104,-0.009334395685216879,-0.009339833808603815,False,BONUS:47.5;DIVIDEND:2.5,resolved_by_action
MMDBL,2015-02-24,169,2015-02-22,2,701.0,626.0,-0.10699001426533528,-0.10699001426533528,-0.10699001426533528,False,,unresolved
MMDBL,2015-12-15,340,2015-12-09,4,577.0,461.0,-0.20103986135181973,0.03864818024263439,0.03864818024263439,False,BONUS:30,resolved_by_action
MMDBL,2016-08-07,496,2016-08-04,1,1850.0,880.0,-0.5243243243243243,0.10810810810810811,0.10000000000000009,False,RIGHT:150,resolved_by_action
MMFDB,2016-12-12,572,2016-12-11,1,2800.0,1900.0,-0.3214285714285714,0.018749464285714446,0.0187662097768313,False,BONUS:50;DIVIDEND:2.63,resolved_by_action
MMFDB,2017-05-31,680,2017-05-30,1,3185.0,2372.0,-0.25525902668759815,0.10141287284144429,0.09984544049459054,False,RIGHT:50,resolved_by_action
MMFDB,2018-05-16,899,2018-05-15,1,3294.0,2769.0,-0.15938069216757744,0.0995300546448088,0.0995300546448088,False,BONUS:30.8,resolved_by_action
MMFDB,2018-06-03,911,2018-05-31,1,3090.0,1812.0,-0.4135922330097087,0.14045307443365695,0.13605015673981202,True,RIGHT:100,action_mismatch
MMFDB,2018-12-25,1049,2018-12-24,1,1202.0,988.0,-0.1780366056572379,0.02023044925124773,0.020250615629707758,False,BONUS:24;DIVIDEND:1.26,resolved_by_action
MMFDB,2020-07-23,1375,2019-05-13,232,899.0,682.0,-0.24137931034482762,0.10249388209121246,0.10275012879728984,False,BONUS:45;DIVIDEND:2.36,resolved_by_action
MMFDB,2022-01-03,1723,2022-01-02,1,1555.0,1345.1,-0.13498392282958205,0.03801929260450154,0.03801929260450132,False,BONUS:20,resolved_by_action
MMFDB,2023-01-04,1967,2023-01-03,1,1010.3,903.5,-0.10571117489854498,0.09997525487478987,0.09997525487478964,False,BONUS:23,resolved_by_action
MNBBL,2014-11-18,107,2014-11-13,3,800.0,487.0,-0.39125,0.009343749999999984,0.00897790055248704,False,BONUS:38;DIVIDEND:2;RIGHT:25,resolved_by_action
MNBBL,2015-12-28,349,2015-12-27,1,845.0,629.0,-0.25562130177514797,-0.023031360946745516,-0.02307364442413118,False,BONUS:31;DIVIDEND:1.63,resolved_by_action
MNBBL,2016-09-18,522,2016-09-14,1,1603.0,1203.0,-0.24953212726138485,0.0945102932002495,0.09165154264972775,False,RIGHT:50,resolved_by_action
MNBBL,2016-11-09,549,2016-11-08,1,1445.0,1084.0,-0.24982698961937722,0.005231833910034789,0.005231833910034789,False,BONUS:34,resolved_by_action
MNBBL,2017-08-06,725,2017-08-03,1,945.0,698.0,-0.2613756613756614,-0.008253968253968291,-0.007918781725889223,False,RIGHT:40,resolved_by_action
MNBBL,2017-12-24,809,2017-12-21,1,546.0,445.0,-0.184981684981685,-0.020151098901099007,-0.02018798078907924,False,BONUS:20;DIVIDEND:1.05,resolved_by_action
MNBBL,2018-12-05,1035,2018-12-03,2,408.0,326.0,-0.2009803921568627,-0.05292401960784299,-0.0530425853869434,False,BONUS:18.25;DIVIDEND:0.96,resolved_by_action
MNBBL,2019-08-18,1210,2019-08-15,1,370.0,326.0,-0.11891891891891893,0.00324324324324321,0.003076923076922533,False,RIGHT:20,resolved_by_action
MNBBL,2019-12-09,1282,2019-12-08,1,312.0,278.0,-0.10897435897435892,0.05067788461538458,0.050821798265280105,False,BONUS:17.6;DIVIDEND:0.93,resolved_by_action
MNBBL,2020-12-28,1479,2020-12-27,1,379.0,336.0,-0.11345646437994727,-0.003042216358838945,-0.003075052073193252,False,BONUS:11.25;DIVIDEND:4.26,resolved_by_action
MNBBL,2021-12-01,1702,2021-11-30,1,672.1,558.0,-0.16976640380895702,-0.022545380151763106,-0.022574896131491884,False,BONUS:17.575;DIVIDEND:0.925,resolved_by_action
MPFL,2017-08-07,726,2016-01-14,365,132.0,127.0,-0.037878787878787845,0.2392121212121212,0.2392121212121212,False,BONUS:15;BONUS:12,adjustment_overshoot
MPFL,2019-06-27,1174,2019-06-25,2,187.0,119.0,-0.36363636363636365,0.5147011229946523,0.09153775337170789,False,RIGHT:864.469,resolved_by_action
MPFL,2022-01-05,1725,2022-01-04,1,471.0,414.0,-0.12101910828025475,-0.005380042462845069,-0.005387431594075953,False,BONUS:13;DIVIDEND:0.68,resolved_by_action
MPFL,2023-07-30,2100,2023-07-27,1,394.8,319.0,-0.19199594731509628,0.002152988855116611,0.001977664029782389,False,RIGHT:35,resolved_by_action
MSBBL,2014-11-20,109,2014-09-18,37,177.0,158.0,-0.10734463276836159,-0.015758192090395418,-0.015758192090395418,False,BONUS:10.26,resolved_by_action
MSBBL,2016-01-19,364,2016-01-18,1,330.0,284.0,-0.1393939393939394,-0.021168181818181808,-0.021211536914086726,False,BONUS:13.5;DIVIDEND:0.71,resolved_by_action
MSBBL,2016-07-25,487,2016-07-20,2,581.0,462.0,-0.20481927710843373,0.10671256454388978,0.09825673534072887,False,RIGHT:50,resolved_by_action
MSLB,2017-11-19,786,2017-11-08,7,2056.0,1398.0,-0.32003891050583655,0.024562256809338434,0.02467627656975324,False,BONUS:50;DIVIDEND:10,resolved_by_action
MSLB,2018-11-14,1020,2018-11-13,1,2283.0,1490.0,-0.3473499780989926,-0.042925974594831384,-0.04200600085726525,False,RIGHT:50,resolved_by_action
MSLB,2018-12-31,1053,2018-12-30,1,1540.0,1260.0,-0.18181818181818177,-0.01753409090909097,-0.0175454555791823,False,BONUS:20;DIVIDEND:1.05,resolved_by_action
MSLB,2019-12-30,1297,2019-12-29,1,901.0,762.0,-0.15427302996670367,0.02708107658157588,0.027415788057066237,False,BONUS:20;DIVIDEND:11.579,resolved_by_action
MSLB,2021-03-23,1537,2021-03-22,1,2625.0,2320.0,-0.11619047619047618,0.060951428571428545,0.06097459891901735,False,BONUS:20;DIVIDEND:1.05,resolved_by_action
MSLB,2021-12-27,1719,2021-12-26,1,1893.0,1538.0,-0.18753301637612252,0.023708399366085597,0.023708399366085597,False,BONUS:26,resolved_by_action
MSLBP,2021-07-20,1618,2021-03-21,83,1370.0,1210.0,-0.11678832116788318,-0.11678832116788318,-0.11678832116788318,True,,halt_resumption
MSLBP,2021-10-21,1676,2021-07-26,55,1210.0,1073.0,-0.11322314049586779,-0.11322314049586779,-0.11322314049586779,True,,halt_resumption
MSLBP,2022-06-08,1824,2022-03-24,48,1073.0,560.0,-0.4780987884436161,-0.4780987884436161,-0.4780987884436161,True,,halt_resumption
MSLBP,2023-05-02,2040,2022-11-22,102,541.0,381.0,-0.29574861367837335,-0.29574861367837335,-0.29574861367837335,True,,halt_resumption
MSLBP,2023-12-05,2175,2023-09-04,50,424.0,275.1,-0.3511792452830188,-0.3511792452830188,-0.3511792452830188,True,,halt_resumption
MSLBP,2024-04-15,2260,2024-01-28,51,301.0,584.0,0.9401993355481728,0.9401993355481728,0.9401993355481728,True,,halt_resumption
MSLBP,2024-07-24,2326,2024-04-15,66,584.0,758.0,0.297945205479452,0.297945205479452,0.297945205479452,True,,halt_resumption
MSLBP,2024-11-24,2398,2024-07-29,69,758.0,946.7,0.24894459102902378,0.24894459102902378,0.24894459102902378,True,,halt_resumption
MSLBP,2025-06-16,2528,2025-03-17,58,909.3,658.0,-0.27636643571978436,-0.27636643571978436,-0.27636643571978436,True,,halt_resumption
MSMBS,2016-12-14,573,2016-12-12,1,808.0,711.0,-0.12004950495049505,-0.03144306930693064,-0.03146230492405,False,BONUS:10;DIVIDEND:0.52,resolved_by_action
MSMBS,2020-03-17,1351,2020-03-16,1,751.0,636.0,-0.1531291611185086,-0.058954727030625764,-0.05951940850277293,False,BONUS:10;DIVIDEND:7.5,resolved_by_action
MTBL,2014-07-10,28,2014-07-07,3,172.0,191.0,0.11046511627906974,0.11046511627906974,0.11046511627906974,False,,unresolved
NABBC,2021-01-13,1491,2021-01-12,1,829.0,511.0,-0.3835946924004825,0.11218335343787689,0.10010764262647998,False,RIGHT:100,resolved_by_action
NABBC,2021-12-12,1709,2021-12-09,1,856.0,485.0,-0.43341121495327106,0.016355140186915973,0.014644351464435212,False,RIGHT:100,resolved_by_action
NABBC,2025-08-25,2577,2025-08-24,1,1336.65,790.1,-0.4088953727602589,0.1073953540567838,0.0999199526676644,False,RIGHT:100,resolved_by_action
NABBCP,2022-06-10,1826,2022-03-10,59,274.0,229.0,-0.16423357664233573,-0.16423357664233573,-0.16423357664233573,True,,halt_resumption
NABBCP,2022-12-01,1945,2022-06-10,119,229.0,202.0,-0.11790393013100442,-0.11790393013100442,-0.11790393013100442,True,,halt_resumption
NABBCP,2024-08-05,2333,2023-06-18,262,217.0,334.0,0.5391705069124424,0.5391705069124424,0.5391705069124424,True,,halt_resumption
NABIL,2014-11-13,104,2014-11-12,1,2170.0,1800.0,-0.17050691244239635,0.015092165898617615,0.015395463626750594,False,BONUS:20;DIVIDEND:45,resolved_by_action
NABIL,2015-12-06,333,2015-12-03,1,2300.0,1819.0,-0.20913043478260873,0.030956478260869558,0.031044210549630913,False,BONUS:30;DIVIDEND:6.842,resolved_by_action
NABIL,2016-09-22,525,2016-09-20,2,2350.0,1765.0,-0.24893617021276593,-0.01755319148936174,-0.017660280423846153,False,BONUS:30;DIVIDEND:15,resolved_by_action
NABIL,2017-09-12,747,2017-09-11,1,1630.0,1191.0,-0.26932515337423313,-0.039631901840490924,-0.04005208010415984,False,BONUS:30;DIVIDEND:18,resolved_by_action
NABIL,2019-02-26,1094,2019-02-25,1,794.0,687.0,-0.13476070528967254,-0.004609571788413036,-0.004734187039192039,False,BONUS:12;DIVIDEND:22,resolved_by_action
NABIL,2019-12-24,1293,2019-12-23,1,750.0,667.0,-0.11066666666666669,0.023920000000000163,0.0246056782334394,False,BONUS:12;DIVIDEND:22,resolved_by_action
NABIL,2020-12-30,1481,2020-12-29,1,1386.0,1101.0,-0.2056277056277056,0.06169336219336219,0.061767875821336915,False,BONUS:33.5;DIVIDEND:1.76,resolved_by_action
NABIL,2022-01-02,1722,2021-12-29,1,1450.0,1144.0,-0.2110344827586207,0.056940689655172516,0.05710531048124956,False,BONUS:33.6;DIVIDEND:4.4,resolved_by_action
NABIL,2023-01-02,1965,2023-01-01,1,854.5,739.0,-0.1351667641895845,0.037612638970157874,0.038099754023056986,False,BONUS:18.5;DIVIDEND:11.5,resolved_by_action
NABILP,2014-11-18,107,2014-11-12,4,1571.0,1246.0,-0.2068746021642266,-0.2068746021642266,-0.2068746021642266,False,,unresolved
NABILP,2015-12-06,333,2015-12-03,1,1670.0,1336.0,-0.19999999999999996,-0.19999999999999996,-0.19999999999999996,False,,unresolved
NABILP,2016-09-22,525,2016-09-20,2,1810.0,1350.0,-0.2541436464088398,-0.2541436464088398,-0.2541436464088398,False,,unresolved
NABILP,2017-09-12,747,2017-09-11,1,1180.0,875.0,-0.2584745762711864,-0.2584745762711864,-0.2584745762711864,False,,unresolved
NABILP,2019-02-26,1094,2019-02-25,1,750.0,651.0,-0.132,-0.132,-0.132,False,,unresolved
NABILP,2021-01-31,1502,2019-07-07,322,772.0,655.0,-0.1515544041450777,-0.1515544041450777,-0.1515544041450777,True,,halt_resumption
NABILP,2022-08-07,1873,2021-02-11,362,681.0,474.0,-0.30396475770925113,-0.30396475770925113,-0.30396475770925113,True,,halt_resumption
NABILP,2023-10-19,2153,2023-05-04,111,474.0,295.0,-0.3776371308016878,-0.3776371308016878,-0.3776371308016878,True,,halt_resumption
NADEP,2018-11-25,1027,2018-11-22,1,1355.0,730.0,-0.46125461254612543,0.0036900369003689537,0.0034364261168384758,False,RIGHT:100,resolved_by_action
NADEP,2022-12-07,1949,2020-12-31,467,1039.0,779.3,-0.24995187680461983,-0.09897945139557274,-0.09907484072851092,False,BONUS:20;DIVIDEND:1.053,resolved_by_action
NBB,2014-12-01,114,2014-11-30,1,472.0,405.0,-0.14194915254237284,-0.03199152542372874,-0.03278332609639634,False,BONUS:10;DIVIDEND:12,resolved_by_action
NBB,2015-11-08,316,2015-11-05,1,596.0,469.0,-0.21308724832214765,-0.014255033557046937,-0.014285089769414117,False,BONUS:25;DIVIDEND:1.32,resolved_by_action
NBB,2016-10-05,534,2016-10-04,1,1185.0,904.0,-0.23713080168776368,0.00833417721518992,0.008345417118752474,False,BONUS:32;DIVIDEND:1.68,resolved_by_action
NBB,2017-03-30,643,2017-03-29,1,730.0,479.0,-0.34383561643835614,0.07150684931506857,0.06444444444444275,False,RIGHT:80,resolved_by_action
NBB,2017-10-30,772,2017-10-29,1,331.0,293.0,-0.11480362537764355,0.0022975830815710196,0.0023228502181582567,False,BONUS:12;DIVIDEND:3.79,resolved_by_action
NBB,2021-11-01,1683,2021-10-31,1,425.8,366.9,-0.13832785345232512,-0.0271183654297793,-0.02733179478075587,False,BONUS:12;DIVIDEND:3.5,resolved_by_action
NBBL,2014-12-31,134,2014-12-29,1,2205.0,1608.0,-0.2707482993197279,0.02854820861678009,0.028796340347668314,False,BONUS:39.86;DIVIDEND:20,resolved_by_action
NBBL,2015-09-22,290,2015-09-13,5,2250.0,1930.0,-0.14222222222222225,0.061111111111111116,0.06043956043956045,False,RIGHT:25,resolved_by_action
NBBL,2016-12-05,567,2016-11-17,12,4910.0,2977.0,-0.3936863543788187,-0.3936863543788187,-0.3936863543788187,False,,unresolved
NBBL,2017-01-03,586,2016-12-27,5,3120.0,2200.0,-0.2948717948717948,0.13429487179487176,0.1351177039664635,False,BONUS:60;DIVIDEND:20,action_mismatch
NBBL,2017-01-23,600,2017-01-22,1,2065.0,2025.0,-0.01937046004842613,0.4467312348668282,0.43617021276595747,False,RIGHT:50,adjustment_overshoot
NBBL,2017-11-29,794,2017-11-28,1,3804.0,2845.0,-0.2521030494216614,0.08953732912723433,0.0895910272192586,False,BONUS:45.6;DIVIDEND:2.4,resolved_by_action
NBBL,2018-07-05,934,2018-07-04,1,2350.0,1312.0,-0.4417021276595745,0.07404255319148945,0.07102040816326527,False,RIGHT:100,resolved_by_action
NBIL,2017-05-18,673,2017-05-17,1,1900.0,1100.0,-0.42105263157894735,-0.42105263157894735,-0.42105263157894735,False,,unresolved
NBL,2017-04-11,650,2017-04-10,1,502.0,437.0,-0.1294820717131474,0.029888047808765084,0.02853844105451442,False,RIGHT:23.74,resolved_by_action
NBL,2019-12-29,1296,2019-12-26,1,317.0,267.0,-0.1577287066246057,-0.0014195583596215977,-0.0014634146341460097,False,BONUS:15;DIVIDEND:10,resolved_by_action
NBL,2021-12-07,1706,2021-12-06,1,431.7,368.1,-0.1473245309242529,-0.02134815844336324,-0.021490031479538096,False,BONUS:14;DIVIDEND:3,resolved_by_action
NBSL,2016-01-19,364,2015-10-19,58,302.0,247.0,-0.1821192052980133,-0.015397350993377579,-0.0154459392127555,False,BONUS:20;DIVIDEND:1,resolved_by_action
NBSL,2016-12-11,571,2016-12-08,1,780.0,424.0,-0.45641025641025645,0.19066282051282046,0.16472807467410022,False,BONUS:24;DIVIDEND:1.26;RIGHT:100,action_mismatch
NCCB,2015-07-01,237,2015-06-30,1,615.0,445.0,-0.2764227642276422,0.001626016260162455,0.0016310552927742972,False,BONUS:38;DIVIDEND:2,resolved_by_action
NCCB,2017-03-07,629,2015-11-26,302,363.0,307.0,-0.15426997245179064,-0.018953168044077318,-0.018953168044077318,False,BONUS:16,resolved_by_action
NCCB,2018-07-31,952,2018-07-30,1,231.0,185.0,-0.19913419913419916,-0.015151515151515138,-0.01245551601423489,False,RIGHT:50,resolved_by_action
NCCB,2019-08-11,1205,2019-08-08,1,242.0,218.0,-0.09917355371900827,0.047226033057851335,0.04738041096713874,True,BONUS:15.89;DIVIDEND:0.83,adjustment_overshoot
NCCB,2020-01-21,1313,2020-01-20,1,233.0,205.0,-0.12017167381974247,0.014982832618025688,0.015030633904391077,False,BONUS:15;DIVIDEND:0.78,resolved_by_action
NCDB,2014-07-10,28,2014-07-07,3,148.0,174.0,0.17567567567567566,0.17567567567567566,0.17567567567567566,False,,unresolved
NCDB,2016-05-02,429,2016-04-28,1,501.0,306.0,-0.3892215568862275,0.02195608782435121,0.01830282861896837,False,RIGHT:100,resolved_by_action
NCDB,2017-10-04,757,2017-10-03,1,312.0,199.0,-0.3621794871794872,0.018589743589743524,0.013425925925927285,False,RIGHT:120,resolved_by_action
NEFL,2015-06-03,217,2014-06-11,209,260.0,197.0,-0.24230769230769234,-0.24230769230769234,-0.24230769230769234,False,,halt_resumption
NESDO,2025-03-12,2468,2025-03-11,1,2273.0,1980.0,-0.12890453145622527,-0.004459964804223393,-0.004461363273793317,False,BONUS:14.25;DIVIDEND:0.75,resolved_by_action
NFS,2020-10-22,1438,2020-10-21,1,301.0,208.0,-0.3089700996677741,0.13953488372093026,0.09859154929577452,False,RIGHT:125,resolved_by_action
NFS,2022-05-04,1801,2022-05-02,1,459.0,317.0,-0.30936819172113295,0.021568627450980316,0.018714555765596996,False,RIGHT:70,resolved_by_action
NGBL,2014-11-11,102,2014-11-10,1,340.0,297.0,-0.1264705882352941,0.05116911764705878,0.05131968053332914,False,BONUS:20;DIVIDEND:1.05,resolved_by_action
NGBL,2015-03-09,176,2015-03-04,1,329.0,292.0,-0.11246200607902734,0.033434650455927084,0.031073446327683607,False,RIGHT:25,resolved_by_action
NGPL,2017-09-07,744,2017-09-06,1,266.0,230.0,-0.13533834586466165,-0.04697932330827059,-0.047068417097777204,False,BONUS:10;DIVIDEND:0.53,resolved_by_action
NGPL,2021-09-05,1647,2021-09-02,1,969.0,749.0,-0.22703818369453044,-0.07141640866873078,-0.07149000131714567,False,BONUS:20;DIVIDEND:1.05,resolved_by_action
NGPL,2022-07-04,1845,2022-07-03,1,509.0,289.9,-0.4304518664047152,0.12917485265225936,0.0997723823975718,False,RIGHT:150,resolved_by_action
NGPL,2024-12-03,2405,2024-12-02,1,478.0,314.0,-0.34309623430962344,0.10460251046025104,0.08650519031141868,False,RIGHT:100,resolved_by_action
NHDL,2021-03-16,1532,2021-03-15,1,374.0,314.0,-0.160427807486631,-0.032486564171123056,-0.03255184410929979,False,BONUS:15;DIVIDEND:0.7895,resolved_by_action
NHPC,2022-02-27,1761,2022-02-24,1,415.0,366.0,-0.11807228915662649,0.04753674698795174,0.047643082904917256,False,BONUS:18.525;DIVIDEND:0.975,resolved_by_action
NIB,2014-10-09,81,2014-10-08,1,920.0,787.0,-0.14456521739130435,0.009565217391304337,0.009818688981867663,False,BONUS:15;DIVIDEND:25,resolved_by_action
NIB,2015-11-01,311,2015-10-29,1,1002.0,739.0,-0.26247504990019965,-0.017442115768462996,-0.01747093758465812,False,BONUS:33;DIVIDEND:1.74,resolved_by_action
NIB,2016-09-06,516,2016-09-05,1,1090.0,910.0,-0.1651376146788991,0.020137614678899185,0.020513060137376193,False,BONUS:20;DIVIDEND:21,resolved_by_action
NIB,2017-10-04,757,2017-10-03,1,764.0,645.0,-0.15575916230366493,0.0019633507853402676,0.0020263424518731643,False,BONUS:15;DIVIDEND:25,resolved_by_action
NIB,2018-12-26,1050,2018-12-25,1,681.0,567.0,-0.1674008810572687,0.013157121879588729,0.01357370095440058,False,BONUS:18;DIVIDEND:22,resolved_by_action
NIB,2022-05-30,1817,2021-05-13,246,460.0,367.7,-0.20065217391304346,-0.09284739782608697,-0.09350181909054978,False,BONUS:12.611;DIVIDEND:3.389,resolved_by_action
NICA,2014-12-15,124,2014-12-14,1,800.0,706.0,-0.11750000000000005,0.03268749999999998,0.03328030544066207,False,BONUS:15;DIVIDEND:15,resolved_by_action
NICA,2016-01-10,357,2016-01-07,1,997.0,700.0,-0.2978936810431294,-0.022118856569709022,-0.022162147223387607,False,BONUS:39;DIVIDEND:2.05,resolved_by_action
NICA,2016-05-15,438,2016-05-12,1,923.0,780.0,-0.15492957746478875,0.02925243770314201,0.028481012658227778,False,RIGHT:25,resolved_by_action
NICA,2016-09-21,524,2016-09-20,1,880.0,680.0,-0.2272727272727273,-0.02488465909090909,-0.024921517448817654,False,BONUS:26;DIVIDEND:1.37,resolved_by_action
NICA,2017-09-04,742,2017-08-31,1,441.0,346.0,-0.21541950113378683,-0.05624149659863953,-0.056368997903421314,False,BONUS:20;DIVIDEND:1.05,resolved_by_action
NICA,2018-12-05,1035,2018-12-04,1,409.0,358.0,-0.12469437652811732,-0.03594205378973103,-0.035986020083705994,False,BONUS:10;DIVIDEND:0.526,resolved_by_action
NICA,2019-09-15,1230,2019-09-12,1,448.0,391.0,-0.1272321428571429,-0.01652343749999996,-0.016919903314838503,True,BONUS:10;DIVIDEND:11.05,action_mismatch
NICA,2023-10-03,2142,2023-10-02,1,761.5,573.0,-0.24753775443204207,-0.02742744583059742,-0.027479554138116202,False,BONUS:29;DIVIDEND:1.52,resolved_by_action
NICAP,2017-06-18,692,2014-11-18,585,577.0,250.0,-0.5667244367417678,-0.5667244367417678,-0.5667244367417678,False,,halt_resumption
NICAP,2018-02-26,848,2017-07-20,134,250.0,191.0,-0.236,-0.236,-0.236,True,,halt_resumption
NICAP,2018-10-08,998,2018-07-03,66,175.0,230.0,0.3142857142857143,0.3142857142857143,0.3142857142857143,True,,halt_resumption
NICAP,2020-11-08,1446,2020-07-14,78,245.0,335.0,0.36734693877551017,0.36734693877551017,0.36734693877551017,True,,halt_resumption
NICAP,2021-03-01,1523,2020-11-08,77,335.0,510.0,0.5223880597014925,0.5223880597014925,0.5223880597014925,True,,halt_resumption
NICAP,2022-04-27,1798,2021-11-01,115,505.0,438.0,-0.13267326732673268,-0.13267326732673268,-0.13267326732673268,True,,halt_resumption
NICAP,2022-10-23,1923,2022-10-20,1,385.2,331.3,-0.13992731048805807,-0.13992731048805807,-0.13992731048805807,True,,unresolved
NICAP,2023-06-22,2075,2022-11-28,133,331.3,396.0,0.19529127678840918,0.19529127678840918,0.19529127678840918,True,,halt_resumption
NICAP,2024-06-18,2300,2023-10-02,159,377.0,209.0,-0.4456233421750663,-0.4456233421750663,-0.4456233421750663,True,,halt_resumption
NICL,2018-04-08,874,2018-04-05,1,905.0,553.0,-0.388950276243094,0.11160220994475134,0.10049751243781091,False,RIGHT:100,resolved_by_action
NICL,2019-02-10,1082,2019-02-07,1,548.0,374.0,-0.3175182481751825,0.007481751824817584,0.006688417618269993,False,RIGHT:65,resolved_by_action
NICL,2020-03-17,1351,2020-03-16,1,416.0,357.0,-0.14182692307692313,-0.09231850961538457,-0.09293183740285971,False,BONUS:5;DIVIDEND:2.89,resolved_by_action
NICL,2022-05-31,1818,2022-05-30,1,590.0,505.0,-0.14406779661016944,-0.048983127118644054,-0.049028828219022325,False,BONUS:11;DIVIDEND:0.5789,resolved_by_action
NICL,2025-03-20,2473,2025-03-19,1,995.1,850.08,-0.14573409707567075,-0.016840016078786046,-0.016852726330128465,False,BONUS:15;DIVIDEND:0.79,resolved_by_action
NICL,2025-06-15,2527,2025-06-12,1,782.87,618.21,-0.2103286624854701,0.019912609117733515,0.01906552571812381,False,RIGHT:34.783,resolved_by_action
NIL,2015-02-15,164,2015-02-12,1,860.0,541.0,-0.3709302325581395,0.06432651162790703,0.058547963762592525,False,RIGHT:84.88,resolved_by_action
NIL,2015-09-17,289,2015-09-16,1,706.0,619.0,-0.12322946175637395,-0.010890368271954776,-0.010900195431150062,False,BONUS:12.71;DIVIDEND:0.67,resolved_by_action
NIL,2016-03-13,397,2016-03-10,1,1318.0,1174.0,-0.10925644916540211,0.024917298937784382,0.02493131570936291,False,BONUS:15;DIVIDEND:0.78,resolved_by_action
NIL,2016-12-29,583,2016-12-28,1,1613.0,820.0,-0.4916305021698698,0.14630967141971474,0.13625702041423415,False,BONUS:20;DIVIDEND:1.05;RIGHT:100,action_mismatch
NIL,2018-01-23,827,2018-01-22,1,761.0,525.0,-0.31011826544021026,-0.03088042049934292,-0.028976572133168843,False,RIGHT:50,resolved_by_action
NIL,2019-08-20,1212,2019-08-19,1,452.0,396.0,-0.12389380530973448,-0.017436946902654737,-0.01746006603877026,False,BONUS:12;DIVIDEND:0.63,resolved_by_action
NIL,2021-07-04,1606,2021-07-01,1,1650.0,1393.0,-0.15575757575757576,-0.024427878787878776,-0.02443941715512954,False,BONUS:15.5;DIVIDEND:0.82,resolved_by_action
NIL,2022-03-15,1770,2022-03-14,1,1200.0,1025.0,-0.14583333333333337,-0.017082916666666614,-0.017093607293561575,False,BONUS:15;DIVIDEND:0.79,resolved_by_action
NIL,2023-01-17,1973,2023-01-12,1,895.2,786.1,-0.12187220732797144,0.010685321715817597,0.010694287380114575,False,BONUS:15;DIVIDEND:0.79,resolved_by_action
NIL,2025-02-02,2442,2025-01-28,1,938.9,801.0,-0.14687400149110663,0.03978059431249337,0.03874883286648001,False,RIGHT:25,resolved_by_action
NLBBL,2014-11-25,112,2014-11-24,1,1200.0,923.0,-0.23083333333333333,-0.02270833333333333,-0.02307366638441999,False,BONUS:25;DIVIDEND:20,resolved_by_action
NLBBL,2015-12-29,350,2015-12-28,1,2460.0,1770.0,-0.2804878048780488,0.036993495934959375,0.03702666942252342,False,BONUS:44;DIVIDEND:2.32,resolved_by_action
NLBBL,2017-03-13,631,2017-03-09,1,1420.0,887.0,-0.3753521126760564,0.08950528169014071,0.08649015568193819,False,BONUS:20;DIVIDEND:11.05;RIGHT:50,resolved_by_action
NLBBL,2017-12-24,809,2017-12-21,1,982.0,852.0,-0.13238289205702647,-0.012162932790224068,-0.012253976591868665,False,BONUS:13;DIVIDEND:7.68,resolved_by_action
NLBBL,2018-12-20,1046,2018-12-19,1,535.0,462.0,-0.1364485981308411,0.003365420560747623,0.00340038092576056,False,BONUS:15;DIVIDEND:5.79,resolved_by_action
NLBBL,2019-12-29,1296,2019-12-26,1,559.0,478.0,-0.14490161001788904,-0.006796958855098567,-0.006864504845984998,False,BONUS:15;DIVIDEND:5.79,resolved_by_action
NLBBL,2021-12-12,1709,2021-12-09,1,1264.9,958.0,-0.242627875721401,-0.07903742351174015,-0.07910461177578021,False,BONUS:21.4876;DIVIDEND:1.1309,resolved_by_action
NLBBL,2023-01-31,1982,2023-01-30,1,1010.0,794.0,-0.21386138613861383,-0.03982177722772284,-0.03986519496414498,False,BONUS:22;DIVIDEND:1.1579,resolved_by_action
NLG,2015-01-04,136,2014-12-31,2,760.0,636.0,-0.16315789473684206,-0.030069078947368544,-0.030298209154096756,False,BONUS:15;DIVIDEND:6.05,resolved_by_action
NLG,2015-12-31,351,2015-12-29,1,860.0,750.0,-0.12790697674418605,0.04651162790697683,0.046511627906976605,False,BONUS:20,resolved_by_action
NLG,2017-01-01,584,2016-12-29,1,1480.0,1230.0,-0.16891891891891897,0.039692229729729744,0.039725634156559275,False,BONUS:25;DIVIDEND:1.31,resolved_by_action
NLG,2018-02-04,834,2018-01-31,2,1355.0,1051.0,-0.22435424354243538,-0.029520848708487035,-0.029548090739746402,False,BONUS:25;DIVIDEND:1.315,resolved_by_action
NLG,2020-02-10,1327,2020-02-09,1,845.0,600.0,-0.2899408284023669,-0.2899408284023669,-0.2899408284023669,True,,unresolved
NLG,2024-11-12,2391,2024-11-11,1,1339.0,948.3,-0.2917849141150113,0.10455300970873793,0.09988618396643645,False,RIGHT:62.56,resolved_by_action
NLIC,2015-05-26,211,2015-05-25,1,3592.0,2390.0,-0.33463251670378624,0.06670378619153672,0.0668452181676149,False,BONUS:60;DIVIDEND:8,resolved_by_action
NLIC,2016-04-28,428,2016-04-27,1,3927.0,3240.0,-0.17494270435446901,0.03163852813852808,0.03164855783810272,False,BONUS:25;DIVIDEND:1.31,resolved_by_action
NLIC,2017-03-13,631,2017-03-09,1,2415.0,2030.0,-0.1594202898550725,0.05123995859213237,0.051266377228347926,False,BONUS:25;DIVIDEND:1.31,resolved_by_action
NLIC,2018-03-28,867,2018-03-27,1,1585.0,1100.0,-0.305993690851735,0.002570977917980999,0.002615658648521535,False,BONUS:42;DIVIDEND:28.5,resolved_by_action
NLIC,2019-05-02,1136,2019-04-30,1,1271.0,1003.0,-0.21085759244689217,0.003992918961447822,0.004064308166656705,False,BONUS:25;DIVIDEND:23.5,resolved_by_action
NLIC,2021-01-27,1500,2021-01-26,1,2872.0,2411.0,-0.16051532033426186,0.10634052924791093,0.10704872064493398,False,BONUS:31;DIVIDEND:20,action_mismatch
NLICL,2015-05-31,214,2015-04-23,6,2201.0,1750.0,-0.20490686051794638,0.037074057246706094,0.03720251664083207,False,BONUS:30;DIVIDEND:8,resolved_by_action
NLICL,2016-11-24,560,2016-11-23,1,3240.0,2299.0,-0.2904320987654321,-0.07709845679012328,-0.07713419087052342,False,BONUS:30;DIVIDEND:1.58,resolved_by_action
NLICL,2017-07-23,715,2017-07-20,1,2490.0,2082.0,-0.16385542168674694,0.045684337349397586,0.04570735623482669,False,BONUS:25;DIVIDEND:1.32,resolved_by_action
NLICL,2018-07-08,935,2018-07-05,1,1215.0,830.0,-0.3168724279835391,0.043621399176954734,0.04156862745098122,False,RIGHT:60,resolved_by_action
NLICL,2019-03-17,1105,2019-03-14,1,669.0,597.0,-0.1076233183856502,0.012847533632287078,0.012847533632287078,False,BONUS:13.5,resolved_by_action
NLICL,2022-03-06,1764,2022-03-02,1,1020.0,833.0,-0.18333333333333335,-0.027235294117647024,-0.02726068397036463,False,BONUS:19;DIVIDEND:1,resolved_by_action
NLICL,2022-11-24,1940,2022-11-23,1,599.8,514.0,-0.14304768256085354,-0.013255168389463279,-0.013271753656140195,False,BONUS:15;DIVIDEND:0.789,resolved_by_action
NLO,2019-07-25,1194,2015-04-13,993,213.0,210.0,-0.014084507042253502,0.5274647887323944,0.7925925925925832,True,DIVIDEND:10;BONUS:10;DIVIDEND:10;DIVIDEND:25;BONUS:10;DIVIDEND:30,adjustment_overshoot
NLO,2020-02-23,1336,2019-07-28,141,214.0,187.0,-0.12616822429906538,0.007009345794392496,0.008086253369272267,False,DIVIDEND:30,resolved_by_action
NLO,2022-03-06,1764,2021-07-05,157,316.0,252.7,-0.2003164556962026,0.05462025316455699,0.05545381526104398,False,BONUS:30;DIVIDEND:5,resolved_by_action
NLO,2022-11-28,1942,2022-09-29,29,284.2,241.2,-0.15130190007037303,0.07758620689655182,0.07890499194847012,False,BONUS:25;DIVIDEND:5,resolved_by_action
NLO,2024-01-23,2206,2023-10-12,57,282.4,248.5,-0.12004249291784697,0.11676699716713901,0.11876463173059615,False,BONUS:25;DIVIDEND:5,action_mismatch
NLO,2024-10-01,2369,2024-09-10,13,284.9,237.42,-0.1666549666549666,0.01668655668655683,0.016969480635373957,False,BONUS:20;DIVIDEND:5,resolved_by_action
NMB,2015-11-18,321,2014-09-29,243,507.0,479.0,-0.05522682445759364,0.13569526627218909,0.1359627669823762,False,BONUS:20;DIVIDEND:1.05,adjustment_overshoot
NMB,2016-12-22,579,2016-12-21,1,620.0,503.0,-0.18870967741935485,-0.03303225806451615,-0.033082949680962814,False,BONUS:19;DIVIDEND:1,resolved_by_action
NMB,2018-08-02,954,2018-08-01,1,365.0,318.0,-0.12876712328767126,0.003972671232876701,0.0039808513370522824,False,BONUS:15;DIVIDEND:0.7895,resolved_by_action
NMB,2018-12-25,1049,2018-12-24,1,387.0,336.0,-0.13178294573643412,0.004134366925064636,0.004347826086957829,False,BONUS:10;DIVIDEND:20,resolved_by_action
NMB,2019-12-22,1291,2019-12-19,1,402.0,326.0,-0.18905472636815923,0.014328358208955283,0.014818626189862849,False,BONUS:21;DIVIDEND:14,resolved_by_action
NMBMF,2016-11-03,546,2016-10-27,1,4222.0,1949.0,-0.5383704405495027,0.23424786830885824,0.22627541165366027,False,BONUS:25;DIVIDEND:1.31;RIGHT:120,action_mismatch
NMBMF,2017-11-12,781,2017-11-09,1,2345.0,1834.0,-0.21791044776119406,-0.02185500639658844,-0.021866662493297606,False,BONUS:25;DIVIDEND:1.3158,resolved_by_action
NMBMF,2018-12-30,1052,2018-12-27,1,1336.0,1173.0,-0.12200598802395213,0.01024775449101778,0.010253441467160895,False,BONUS:15;DIVIDEND:0.78,resolved_by_action
NMBMF,2019-10-24,1254,2019-10-23,1,1105.0,535.0,-0.5158371040723981,-0.5158371040723981,-0.5158371040723981,True,,unresolved
NMBMF,2019-10-31,1255,2019-10-24,1,535.0,516.0,-0.03551401869158877,1.130841121495327,0.8832116788321167,True,RIGHT:150,adjustment_overshoot
NMBMF,2020-12-29,1480,2020-12-28,1,1171.0,999.0,-0.1468830059777968,0.016020495303159743,0.01603350284175864,False,BONUS:19;DIVIDEND:1,resolved_by_action
NMBMF,2021-12-26,1718,2021-12-23,1,1280.0,1067.0,-0.16640624999999998,0.013655078124999998,0.013666539867615457,False,BONUS:21.5;DIVIDEND:1.13,resolved_by_action
NMBPO,2016-01-14,361,2014-08-26,304,133.0,223.0,0.6766917293233083,0.6766917293233083,0.6766917293233083,False,,halt_resumption
NMBPO,2016-08-29,510,2016-01-25,142,223.0,420.0,0.883408071748879,0.883408071748879,0.883408071748879,False,,halt_resumption
NMBPO,2017-06-08,686,2017-02-02,79,250.0,292.0,0.16799999999999993,0.16799999999999993,0.16799999999999993,False,,halt_resumption
NMBPO,2018-07-30,951,2017-12-21,143,266.0,180.0,-0.32330827067669177,-0.32330827067669177,-0.32330827067669177,True,,halt_resumption
NMBPO,2018-12-06,1036,2018-07-30,85,180.0,225.0,0.25,0.25,0.25,True,,halt_resumption
NMBPO,2020-09-07,1405,2020-07-08,41,205.0,250.0,0.2195121951219512,0.2195121951219512,0.2195121951219512,True,,halt_resumption
NMBPO,2022-05-08,1803,2021-11-21,109,245.0,160.0,-0.34693877551020413,-0.34693877551020413,-0.34693877551020413,True,,halt_resumption
NMBPO,2022-09-13,1902,2022-05-24,89,160.0,134.0,-0.16249999999999998,-0.16249999999999998,-0.16249999999999998,True,,halt_resumption
NMBPO,2024-11-21,2397,2024-08-06,63,120.0,140.0,0.16666666666666674,0.16666666666666674,0.16666666666666674,True,,halt_resumption
NMBPO,2025-01-16,2433,2025-01-15,1,140.0,115.0,-0.1785714285714286,-0.1785714285714286,-0.1785714285714286,True,,unresolved
NMBPO,2025-05-21,2512,2025-01-16,79,115.0,128.0,0.11304347826086958,0.11304347826086958,0.11304347826086958,True,,halt_resumption
NMBPO,2025-09-28,2593,2025-07-20,41,123.0,136.0,0.10569105691056913,0.10569105691056913,0.10569105691056913,True,,halt_resumption
NMFBS,2017-12-04,796,2017-11-30,1,3145.0,2600.0,-0.17329093799682038,-0.0034181240063593243,-0.003433682025074436,False,BONUS:20;DIVIDEND:15,resolved_by_action
NMFBS,2018-12-02,1032,2018-11-29,1,1785.0,1420.0,-0.20448179271708689,0.0023809523809523725,0.0024001129464916726,False,BONUS:25;DIVIDEND:15,resolved_by_action
NMFBS,2019-12-02,1277,2019-12-01,1,1800.0,1131.0,-0.3716666666666667,0.10222222222222221,0.10249268904052355,False,BONUS:75;DIVIDEND:5,resolved_by_action
NMFBS,2021-02-28,1522,2021-02-25,1,3325.0,2600.0,-0.21804511278195493,-0.05212030075187979,-0.05220980327177427,False,BONUS:21;DIVIDEND:6,resolved_by_action
NMFBS,2022-01-11,1729,2022-01-10,1,3660.0,2753.0,-0.24781420765027318,0.05435792349726776,0.054428561657889674,False,BONUS:40;DIVIDEND:5,resolved_by_action
NMFBS,2023-04-17,2030,2023-04-16,1,1435.0,1232.4,-0.14118466898954696,-0.012362369337979073,-0.012362369337979073,False,BONUS:15,resolved_by_action
NMFBS,2023-08-16,2113,2023-07-13,24,1366.0,1171.9,-0.14209370424597356,-0.14209370424597356,-0.14209370424597356,True,,halt_resumption
NMFBS,2024-12-03,2405,2024-12-02,1,1549.0,1359.0,-0.12265978050355064,0.0028211749515818507,0.002822473216376409,False,BONUS:14.25;DIVIDEND:0.75,resolved_by_action
NMFBSP,2021-07-14,1614,2021-02-14,102,727.0,100.0,-0.8624484181568088,-0.8624484181568088,-0.8624484181568088,True,,halt_resumption
NMFBSP,2021-10-10,1670,2021-07-14,56,100.0,1537.0,14.37,14.37,14.37,True,,halt_resumption
NMFBSP,2022-07-24,1861,2022-01-20,125,1537.0,1152.0,-0.25048796356538716,-0.25048796356538716,-0.25048796356538716,True,,halt_resumption
NMFBSP,2024-01-30,2211,2023-01-25,233,1115.0,631.0,-0.4340807174887893,-0.4340807174887893,-0.4340807174887893,True,,halt_resumption
NMFBSP,2024-07-11,2317,2024-01-30,106,631.0,745.0,0.18066561014263072,0.18066561014263072,0.18066561014263072,True,,halt_resumption
NMFBSP,2025-04-23,2494,2024-11-26,94,755.0,675.0,-0.10596026490066224,-0.10596026490066224,-0.10596026490066224,True,,halt_resumption
NNFC,2015-10-15,304,2015-10-14,1,350.0,293.0,-0.1628571428571428,0.006828571428571406,0.006960827144312898,False,BONUS:18;DIVIDEND:7,resolved_by_action
NNLB,2017-12-27,811,2017-12-26,1,3065.0,2555.0,-0.166394779771615,-0.166394779771615,-0.166394779771615,False,,unresolved
NNLB,2018-01-14,822,2018-01-10,1,2400.0,2425.0,0.01041666666666674,0.2129166541666665,0.21300540375566412,False,BONUS:20;DIVIDEND:1.0526,adjustment_overshoot
NNLB,2018-07-23,946,2018-07-22,1,1886.0,671.0,-0.644220572640509,0.1126723223753976,0.09948501872659166,False,RIGHT:250,resolved_by_action
NNLB,2019-12-19,1290,2019-12-18,1,606.0,507.0,-0.1633663366336634,0.005610511551155106,0.005619784845299902,False,BONUS:20;DIVIDEND:1.0526,resolved_by_action
NRIC,2021-12-29,1721,2021-12-28,1,1287.0,1132.0,-0.12043512043512039,0.026538461538461622,0.026587525542473456,False,BONUS:16.5;DIVIDEND:2.5,resolved_by_action
NSLB,2022-04-06,1785,2022-04-05,1,1278.2,1032.0,-0.1926146143013613,-0.03846815834767647,-0.038496770405167635,False,BONUS:19;DIVIDEND:1,resolved_by_action
NSLB,2023-03-29,2017,2023-03-28,1,746.0,633.0,-0.15147453083109919,0.011018766756032194,0.011032816589490402,False,BONUS:19;DIVIDEND:1,resolved_by_action
NTC,2022-03-27,1777,2022-03-24,1,1465.0,1170.0,-0.20136518771331058,-0.02866894197952219,-0.029045643153527534,False,BONUS:20;DIVIDEND:20,resolved_by_action
NUBL,2014-12-10,121,2014-12-09,1,1490.0,1043.0,-0.30000000000000004,-0.011947315436241834,-0.012044304420529728,False,BONUS:40;DIVIDEND:12.63,resolved_by_action
NUBL,2015-12-09,336,2015-12-08,1,2150.0,1570.0,-0.2697674418604651,0.09244744186046527,0.09298567756151277,False,BONUS:48.81;DIVIDEND:13.1,resolved_by_action
NUBL,2016-11-15,553,2016-11-14,1,1800.0,1540.0,-0.1444444444444445,0.03277780555555565,0.03297934692507898,False,BONUS:20;DIVIDEND:11.579,resolved_by_action
NUBL,2017-12-31,813,2017-12-28,1,2104.0,1187.0,-0.43583650190114065,-0.05336934410646388,-0.05370982970944094,False,BONUS:66.67;DIVIDEND:14.04,resolved_by_action
NUBL,2018-11-27,1029,2018-11-26,1,950.0,765.0,-0.1947368421052632,-0.011574210526315798,-0.011835902326761016,False,BONUS:20;DIVIDEND:22.11,resolved_by_action
NUBL,2019-12-16,1287,2019-12-15,1,973.0,772.0,-0.20657759506680373,0.006940904419321825,0.007047769023941219,False,BONUS:25;DIVIDEND:15.53,resolved_by_action
NUBL,2021-02-23,1519,2021-02-22,1,1627.0,1455.0,-0.10571604179471417,0.010937922556852886,0.010942267181683452,False,BONUS:13;DIVIDEND:0.68,resolved_by_action
NUBL,2021-12-28,1720,2021-12-27,1,1555.0,1196.0,-0.2308681672025723,-0.0030257427652733426,-0.0030286155093361966,False,BONUS:29.5;DIVIDEND:1.5526,resolved_by_action
NUBL,2023-02-14,1991,2023-02-12,1,993.0,814.0,-0.18026183282980868,-0.023554884189325276,-0.023577440653193005,False,BONUS:19;DIVIDEND:1,resolved_by_action
ODBL,2017-07-18,712,2016-10-06,177,629.0,439.0,-0.3020667726550079,-0.09827027027027024,-0.09827027027027024,False,BONUS:29.2,resolved_by_action
ODBL,2017-09-17,750,2017-09-14,1,378.0,315.0,-0.16666666666666663,0.003968253968253954,0.003676470588235725,False,RIGHT:30,resolved_by_action
ODBL,2018-02-26,848,2018-02-25,1,232.0,197.0,-0.15086206896551724,-0.0006495689655172665,-0.0006495689655172665,False,BONUS:17.69,resolved_by_action
OHL,2014-09-18,72,2014-09-17,1,730.0,630.0,-0.136986301369863,-0.05068493150684927,-0.05068493150684927,False,BONUS:10,resolved_by_action
OHL,2015-11-15,319,2015-11-10,1,552.0,450.0,-0.18478260869565222,-0.021739130434782594,-0.021739130434782594,False,BONUS:20,resolved_by_action
OHL,2016-09-22,525,2016-09-21,1,647.0,570.0,-0.1190108191653787,0.06646676970633703,0.06708934221118423,False,BONUS:20;DIVIDEND:6.32,resolved_by_action
OHL,2017-10-29,771,2017-10-25,1,890.0,714.0,-0.19775280898876402,-0.046719662921348326,-0.04703141780826969,False,BONUS:18;DIVIDEND:6.21,resolved_by_action
OHL,2018-10-07,997,2018-10-04,1,519.0,430.0,-0.17148362235067438,-0.026485549132948094,-0.027045958059679465,False,BONUS:15;DIVIDEND:11.32,resolved_by_action
PADBL,2014-12-07,118,2014-12-01,4,326.0,272.0,-0.16564417177914115,0.004286809815950754,0.004299966923331011,False,BONUS:20;DIVIDEND:1.05,resolved_by_action
PADBL,2015-11-23,324,2015-11-22,1,451.0,360.0,-0.2017738359201774,-0.007545454545454633,-0.007565534244991734,False,BONUS:24;DIVIDEND:1.26,resolved_by_action
PCBL,2014-12-28,132,2014-12-24,1,520.0,448.0,-0.1384615384615384,0.027057692307692394,0.027107215104517746,False,BONUS:19;DIVIDEND:1,resolved_by_action
PCBL,2015-12-31,351,2015-12-29,1,595.0,494.0,-0.16974789915966382,-0.018785714285714294,-0.018814251869432086,False,BONUS:18;DIVIDEND:0.95,resolved_by_action
PCBL,2016-08-03,494,2016-08-02,1,870.0,698.0,-0.19770114942528738,-0.19770114942528738,-0.19770114942528738,False,,unresolved
PCBL,2016-08-04,495,2016-08-03,1,698.0,670.0,-0.04011461318051579,0.23209141833810887,0.2215129681637631,False,RIGHT:33.3333,adjustment_overshoot
PCBL,2017-01-15,594,2017-01-11,2,510.0,415.0,-0.18627450980392157,-0.04365294117647078,-0.04375155374712214,False,BONUS:17.25;DIVIDEND:1.21,resolved_by_action
PCBL,2017-12-20,807,2017-12-19,1,420.0,320.0,-0.23809523809523814,-0.0323809523809524,-0.0323809523809524,False,BONUS:27,resolved_by_action
PCBL,2019-05-23,1151,2019-05-22,1,370.0,319.0,-0.13783783783783787,0.00010810810810801819,0.00010810810810801819,False,BONUS:16,resolved_by_action
PCBL,2019-12-30,1297,2019-12-29,1,279.0,237.0,-0.15053763440860213,-0.014623655913978628,-0.014623655913978517,False,BONUS:16,resolved_by_action
PCBL,2021-01-04,1484,2021-01-03,1,468.0,407.0,-0.13034188034188032,0.00010683760683760646,0.00010683760683738441,False,BONUS:15,resolved_by_action
PCBL,2021-12-08,1707,2021-12-07,1,443.0,360.9,-0.18532731376975176,-0.05362588036117388,-0.053698577689595295,False,BONUS:16;DIVIDEND:0.6313,resolved_by_action
PCBLP,2015-07-13,245,2014-10-27,153,165.0,215.0,0.303030303030303,0.303030303030303,0.303030303030303,False,,halt_resumption
PCBLP,2015-12-29,350,2015-07-13,105,215.0,280.0,0.30232558139534893,0.30232558139534893,0.30232558139534893,False,,halt_resumption
PCBLP,2018-05-21,902,2017-10-17,137,250.0,200.0,-0.19999999999999996,-0.19999999999999996,-0.19999999999999996,True,,halt_resumption
PCBLP,2020-01-12,1306,2019-12-25,12,200.0,170.0,-0.15000000000000002,-0.15000000000000002,-0.15000000000000002,True,,unresolved
PCBLP,2020-07-13,1367,2020-02-23,31,173.0,140.0,-0.19075144508670516,-0.19075144508670516,-0.19075144508670516,True,,halt_resumption
PCBLP,2022-07-07,1848,2022-05-04,47,205.0,140.0,-0.31707317073170727,-0.31707317073170727,-0.31707317073170727,True,,halt_resumption
PCBLP,2023-07-10,2086,2023-05-03,45,147.0,130.0,-0.11564625850340138,-0.11564625850340138,-0.11564625850340138,True,,halt_resumption
PCBLP,2023-07-13,2089,2023-07-10,3,130.0,147.0,0.13076923076923075,0.13076923076923075,0.13076923076923075,True,,unresolved
PCBLP,2023-08-02,2103,2023-07-13,14,147.0,147.0,0.0,0.0,0.0,True,,unresolved
PCBLP,2023-11-02,2158,2023-10-31,2,147.0,144.1,-0.019727891156462674,-0.019727891156462674,-0.019727891156462674,True,,unresolved
PCBLP,2023-11-22,2166,2023-11-02,8,144.1,122.0,-0.15336571825121437,-0.15336571825121437,-0.15336571825121437,True,,unresolved
PCBLP,2023-12-06,2176,2023-11-22,10,122.0,144.1,0.18114754098360653,0.18114754098360653,0.18114754098360653,True,,unresolved
PCBLP,2024-02-08,2218,2024-01-09,21,144.0,115.5,-0.19791666666666663,-0.19791666666666663,-0.19791666666666663,True,,halt_resumption
PCBLP,2024-02-14,2222,2024-02-08,4,115.5,144.0,0.24675324675324672,0.24675324675324672,0.24675324675324672,True,,unresolved
PCBLP,2024-02-20,2225,2024-02-14,3,144.0,110.0,-0.23611111111111116,-0.23611111111111116,-0.23611111111111116,True,,unresolved
PCBLP,2024-02-26,2229,2024-02-20,4,110.0,139.0,0.26363636363636367,0.26363636363636367,0.26363636363636367,True,,unresolved
PCBLP,2024-04-03,2254,2024-03-13,14,139.0,111.0,-0.20143884892086328,-0.20143884892086328,-0.20143884892086328,True,,unresolved
PCBLP,2024-04-09,2257,2024-04-03,3,111.0,139.0,0.25225225225225234,0.25225225225225234,0.25225225225225234,True,,unresolved
PFL,2015-10-27,308,2015-10-19,2,416.0,275.0,-0.3389423076923077,-0.3389423076923077,-0.3389423076923077,False,,unresolved
PFL,2016-10-05,534,2016-10-02,3,395.0,342.0,-0.13417721518987347,-0.13417721518987347,-0.13417721518987347,False,,unresolved
PFL,2018-10-29,1010,2018-10-28,1,157.0,140.0,-0.10828025477707004,-0.10828025477707004,-0.10828025477707004,False,,unresolved
PIC,2015-03-10,177,2015-03-09,1,1139.0,641.0,-0.43722563652326607,0.10899912203687423,0.09900318979266642,False,RIGHT:115,resolved_by_action
PIC,2015-07-02,238,2015-07-01,1,499.0,446.0,-0.1062124248496994,0.018917835671342864,0.018917835671342864,False,BONUS:14,resolved_by_action
PIC,2016-03-17,401,2016-03-16,1,1652.0,1288.0,-0.22033898305084743,0.014145883777239687,0.014154186081303477,False,BONUS:30;DIVIDEND:1.02,resolved_by_action
PIC,2016-12-22,579,2016-12-21,1,1673.0,1350.0,-0.19306634787806332,-0.03108338314405268,-0.03110192718013305,False,BONUS:20;DIVIDEND:1.05,resolved_by_action
PIC,2018-03-22,864,2018-03-21,1,915.0,781.0,-0.14644808743169402,-0.031047868852459026,-0.031047868852459137,False,BONUS:13.52,resolved_by_action
PIC,2019-07-07,1180,2019-07-04,1,944.0,501.0,-0.4692796610169492,-0.023474576271186542,-0.023474576271186542,False,BONUS:84,resolved_by_action
PIC,2022-01-19,1735,2022-01-18,1,1213.0,1056.1,-0.12934872217642213,-0.004693528441879646,-0.004696286978130182,False,BONUS:14.25;DIVIDEND:0.75,resolved_by_action
PIC,2023-01-08,1969,2023-01-05,1,788.0,699.0,-0.11294416243654826,0.014365482233502647,0.014378483082736704,False,BONUS:14.25;DIVIDEND:0.75,resolved_by_action
PICL,2017-02-14,615,2017-02-13,1,860.0,744.0,-0.1348837209302326,0.03929941860465114,0.039345054292623916,False,BONUS:20;DIVIDEND:1.05,resolved_by_action
PICL,2017-11-05,776,2017-11-02,1,1428.0,1123.0,-0.2135854341736695,-0.05560399159663876,-0.05564285977074346,False,BONUS:20;DIVIDEND:1.05,resolved_by_action
PICL,2017-12-04,796,2017-11-30,1,1185.0,945.0,-0.20253164556962022,0.0113924050632912,0.011111111111111738,False,RIGHT:30,resolved_by_action
PICL,2020-02-10,1327,2020-02-09,1,688.0,489.0,-0.2892441860465116,0.050000000000000044,0.04598930481283503,False,RIGHT:60,resolved_by_action
PLIC,2017-08-30,740,2017-08-28,1,2684.0,2092.0,-0.22056631892697465,-0.025707898658718364,-0.025707898658718253,False,BONUS:25,resolved_by_action
PLIC,2018-03-04,851,2018-02-28,1,1483.0,620.0,-0.5819285232636547,-0.02090357383681729,-0.018867924528303992,False,RIGHT:160,resolved_by_action
PLIC,2020-07-05,1361,2020-07-02,1,530.0,464.0,-0.12452830188679243,-0.015094339622641506,-0.015094339622641506,False,BONUS:12.5,resolved_by_action
PLIC,2021-11-28,1699,2021-11-25,1,870.0,701.0,-0.1942528735632184,-0.07244080459770119,-0.07250968880206321,False,BONUS:15;DIVIDEND:0.87,resolved_by_action
PLIC,2023-01-31,1982,2022-05-12,175,569.0,477.3,-0.16115992970123016,-0.050968383128295325,-0.05102667280677975,False,BONUS:13;DIVIDEND:0.6842,resolved_by_action
PMHPL,2020-01-16,1310,2020-01-14,2,95.0,106.0,0.11578947368421044,0.11578947368421044,0.11578947368421044,True,,unresolved
PMLIP,2025-05-11,2505,2025-02-11,56,270.0,309.0,0.14444444444444438,0.14444444444444438,0.14444444444444438,True,,halt_resumption
PPL,2025-06-16,2528,2025-06-15,1,491.7,397.2,-0.19219035997559486,0.11002643888549923,0.09987077718294235,False,RIGHT:50,resolved_by_action
PRIN,2016-10-18,538,2016-10-17,1,1820.0,1580.0,-0.13186813186813184,0.01571428571428557,0.01571428571428557,False,BONUS:17,resolved_by_action
PRIN,2017-03-19,635,2017-03-16,1,1050.0,806.0,-0.23238095238095235,0.1038095238095238,0.09909090909090912,False,RIGHT:50,resolved_by_action
PRIN,2017-10-24,769,2017-10-23,1,1160.0,960.0,-0.1724137931034483,-0.012690086206896711,-0.01270059156690373,False,BONUS:19.2;DIVIDEND:1.01,resolved_by_action
PRIN,2018-05-28,907,2018-05-27,1,742.0,561.0,-0.2439353099730458,0.04185983827493245,0.03941624365482288,False,RIGHT:46,resolved_by_action
PRIN,2022-03-31,1781,2022-03-30,1,825.0,731.0,-0.1139393939393939,-0.01580484848484831,-0.01581541126255226,False,BONUS:11;DIVIDEND:0.58,resolved_by_action
PRIN,2025-07-20,2552,2025-07-17,1,953.2,828.25,-0.13108476710029382,0.02626419429290805,0.026289016894539774,False,BONUS:18;DIVIDEND:0.9474,resolved_by_action
PROFL,2018-08-08,958,2018-08-07,1,128.0,103.0,-0.1953125,-0.12945312499999995,-0.040513447432762306,False,RIGHT:281,resolved_by_action
PRVU,2016-10-04,533,2015-09-30,238,415.0,438.0,0.055421686746987886,0.21831325301204818,0.20827586206896487,False,RIGHT:20,adjustment_overshoot
PRVU,2018-01-07,818,2018-01-04,1,317.0,254.0,-0.19873817034700314,-0.00441640378548902,-0.003921568627451966,False,RIGHT:40,resolved_by_action
PRVU,2019-11-12,1263,2019-11-11,1,267.0,228.0,-0.1460674157303371,-0.006449438202247304,-0.00646877183492256,False,BONUS:16;DIVIDEND:0.84,resolved_by_action
PRVU,2020-12-27,1478,2020-12-24,1,375.0,335.0,-0.10666666666666669,-0.016000039999999882,-0.016021401227447107,False,BONUS:10;DIVIDEND:0.5263,resolved_by_action
PRVU,2021-12-20,1714,2021-12-16,1,330.1,288.7,-0.12541654044229034,-0.018653438352014606,-0.01868732008807239,False,BONUS:12;DIVIDEND:0.63,resolved_by_action
PRVUPO,2017-01-16,595,2015-09-24,303,157.0,201.0,0.28025477707006363,0.28025477707006363,0.28025477707006363,False,,halt_resumption
PRVUPO,2019-06-11,1162,2019-05-29,7,168.0,107.1,-0.36250000000000004,-0.36250000000000004,-0.36250000000000004,True,,unresolved
PRVUPO,2019-07-08,1181,2019-06-11,19,107.1,171.0,0.596638655462185,0.596638655462185,0.596638655462185,True,,unresolved
PRVUPO,2020-01-14,1308,2020-01-02,8,156.0,127.0,-0.1858974358974359,-0.1858974358974359,-0.1858974358974359,True,,unresolved
PRVUPO,2021-09-29,1664,2021-09-09,13,200.0,211.0,0.05499999999999994,0.05499999999999994,0.05499999999999994,True,,unresolved
PRVUPO,2021-10-05,1668,2021-10-04,1,196.0,211.0,0.07653061224489788,0.07653061224489788,0.07653061224489788,True,,unresolved
PRVUPO,2022-05-19,1810,2021-12-16,97,191.1,145.0,-0.24123495552066976,-0.24123495552066976,-0.24123495552066976,True,,halt_resumption
PRVUPO,2023-02-07,1987,2022-09-22,78,141.3,105.0,-0.2569002123142251,-0.2569002123142251,-0.2569002123142251,True,,halt_resumption
PRVUPO,2024-11-10,2389,2024-08-21,46,100.0,119.0,0.18999999999999995,0.18999999999999995,0.18999999999999995,True,,halt_resumption
PURBL,2014-12-01,114,2014-11-25,2,355.0,292.0,-0.17746478873239435,0.017887323943662103,0.017887323943662103,False,BONUS:23.75,resolved_by_action
PURBL,2015-04-01,193,2015-03-31,1,388.0,324.0,-0.1649484536082474,-0.020618556701030966,-0.01937046004842613,False,RIGHT:25,resolved_by_action
PURBL,2015-12-31,351,2015-12-28,2,396.0,316.0,-0.202020202020202,-0.013403535353535445,-0.01344287953885226,False,BONUS:23.27;DIVIDEND:1.22,resolved_by_action
PURBL,2016-08-04,495,2016-08-03,1,740.0,511.0,-0.3094594594594594,-0.03175675675675671,-0.02974683544303791,False,RIGHT:50,resolved_by_action
PURBL,2016-12-26,580,2016-12-22,1,438.0,380.0,-0.13242009132420096,0.08469178082191764,0.08493125593854822,False,BONUS:24.7;DIVIDEND:1.3,resolved_by_action
PURBL,2017-05-30,679,2017-05-28,1,400.0,325.0,-0.1875,-0.046875,-0.044117647058823484,False,RIGHT:25,resolved_by_action
PURBL,2018-01-01,814,2017-12-28,2,270.0,220.0,-0.18518518518518523,-0.025268518518518523,-0.02535863559575613,False,BONUS:19.19;DIVIDEND:1.01,resolved_by_action
RADHI,2018-06-19,922,2018-06-18,1,288.0,250.0,-0.13194444444444442,-0.0431597222222222,-0.043245311902028405,False,BONUS:10;DIVIDEND:0.6,resolved_by_action
RADHI,2021-06-29,1603,2021-06-28,1,1120.0,790.0,-0.2946428571428571,-0.03718750000000004,-0.03718750000000004,False,BONUS:36.5,resolved_by_action
RADHI,2022-08-28,1889,2022-08-26,1,549.0,298.0,-0.45719489981785066,0.07484444444444449,0.05899270659851874,False,RIGHT:147.52,resolved_by_action
RBBBL,2016-03-28,407,2016-03-27,1,300.0,260.0,-0.1333333333333333,-0.0017499999999999183,-0.0017527752274434372,False,BONUS:15;DIVIDEND:0.5,resolved_by_action
RBCL,2017-04-23,657,2017-04-20,1,21600.0,11089.0,-0.4866203703703704,0.10028242129629628,0.10030889169827195,False,BONUS:114.27;DIVIDEND:6,resolved_by_action
RBCLPO,2017-04-23,657,2017-04-20,1,19420.0,9969.0,-0.48666323377960863,-0.48666323377960863,-0.48666323377960863,False,,unresolved
RFPL,2025-08-11,2567,2025-08-07,1,638.45,406.1,-0.36392826376380294,0.11551413579763481,0.09987135215654419,False,RIGHT:100,resolved_by_action
RHGCL,2025-05-20,2511,2025-05-19,1,548.87,356.8,-0.3499371435859129,0.1179332082278135,0.09975804090187568,False,RIGHT:100,resolved_by_action
RHPC,2014-11-02,95,2014-10-30,1,560.0,501.0,-0.10535714285714282,-0.015000535714285723,-0.015013932968400479,False,BONUS:10;DIVIDEND:0.526,resolved_by_action
RHPC,2016-05-29,448,2016-05-26,1,434.0,373.0,-0.14055299539170507,0.07960829493087562,0.07366737739872176,False,RIGHT:35,resolved_by_action
RIDI,2023-02-01,1983,2023-01-31,1,539.0,380.4,-0.2942486085343229,-0.008246753246753391,-0.008277390340872381,False,BONUS:40;DIVIDEND:2.1,resolved_by_action
RIDI,2024-02-05,2215,2024-02-04,1,275.0,221.0,-0.1963636363636364,0.023636363636363678,0.020000000000000018,False,RIGHT:50,resolved_by_action
RLFL,2014-08-31,60,2014-08-28,1,150.0,166.0,0.10666666666666669,0.10666666666666669,0.10666666666666669,False,,unresolved
RLFL,2016-05-22,443,2016-05-19,1,315.0,273.0,-0.1333333333333333,0.043166666666666575,0.04330379535194773,False,BONUS:20;DIVIDEND:1.05,resolved_by_action
RLFL,2016-12-26,580,2016-12-22,1,241.0,206.0,-0.1452282157676349,-0.013898340248962748,-0.013941756382427561,False,BONUS:15;DIVIDEND:0.79,resolved_by_action
RLFL,2017-11-26,791,2017-11-23,1,182.0,152.0,-0.1648351648351648,-0.036263736263736246,-0.02907488986783957,False,RIGHT:45,resolved_by_action
RLFL,2019-05-27,1153,2019-05-26,1,141.0,121.0,-0.14184397163120566,-0.021145390070921866,-0.02152684266957383,False,DIVIDEND:2.63;BONUS:12,resolved_by_action
RLFL,2021-04-25,1557,2021-04-22,1,288.0,248.0,-0.13888888888888884,-0.05102951388888899,-0.05111888318640401,False,BONUS:10;DIVIDEND:0.53,resolved_by_action
RMDC,2014-12-23,130,2014-12-22,1,741.0,640.0,-0.136302294197031,-0.022265856950067553,-0.02289940721638639,False,BONUS:10;DIVIDEND:21.58,resolved_by_action
RMDC,2016-12-27,581,2016-12-26,1,632.0,559.0,-0.115506329113924,-0.012025316455696045,-0.012208835341365853,False,BONUS:10;DIVIDEND:10,resolved_by_action
RMDC,2019-12-29,1296,2019-12-26,1,603.0,535.0,-0.1127694859038143,0.01782752902155882,0.01818566293085211,False,BONUS:12.5;DIVIDEND:12.5,resolved_by_action
RMDC,2020-11-23,1454,2020-11-22,1,990.0,884.0,-0.1070707070707071,0.03166666666666651,0.031819335194113396,False,BONUS:15;DIVIDEND:5,resolved_by_action
RMDC,2022-01-02,1722,2021-12-29,1,1372.0,1178.0,-0.141399416909621,0.03378279883381907,0.03390016456390588,False,BONUS:20;DIVIDEND:5,resolved_by_action
RMDC,2023-03-15,2008,2023-03-14,1,930.2,717.9,-0.22823048806708246,-0.026172887551064394,-0.026209516068263272,False,BONUS:26;DIVIDEND:1.3684,resolved_by_action
RMFL,2017-07-02,700,2017-06-28,1,2715.0,1837.0,-0.32338858195211784,-0.32338858195211784,-0.32338858195211784,False,,unresolved
RMFL,2017-09-26,755,2017-09-25,1,2380.0,2067.0,-0.13151260504201678,-0.13151260504201678,-0.13151260504201678,False,,unresolved
RNLI,2024-01-29,2210,2024-01-28,1,577.5,489.0,-0.1532467532467533,-0.016384415584415613,-0.01640708719581374,False,BONUS:16;DIVIDEND:0.84,resolved_by_action
RNLI,2025-06-09,2523,2025-06-08,1,506.99,444.8,-0.12266514132428652,-0.01620165092013648,-0.01622084516565614,False,BONUS:12;DIVIDEND:0.6315,resolved_by_action
RRHP,2020-01-14,1308,2020-01-12,2,97.0,110.0,0.134020618556701,0.134020618556701,0.134020618556701,False,,unresolved
RRHP,2020-08-02,1381,2020-07-29,2,93.0,106.0,0.13978494623655924,0.13978494623655924,0.13978494623655924,False,,unresolved
RSDC,2017-09-04,742,2017-08-31,1,3121.0,1217.0,-0.6100608779237424,0.10573534123678319,0.09936766034327005,False,RIGHT:200,resolved_by_action
RSDC,2018-06-06,913,2018-06-04,1,810.0,571.0,-0.29506172839506173,0.053827160493827186,0.050114942528736606,False,RIGHT:60,resolved_by_action
RURU,2021-09-23,1660,2021-09-22,1,1327.0,1180.1,-0.11070082893745292,-0.0213941333835721,-0.02140219727023529,False,BONUS:10;DIVIDEND:0.5263,resolved_by_action
SABSL,2019-11-21,1270,2019-11-20,1,546.0,477.0,-0.12637362637362637,-0.011619047619047751,-0.011632810981491049,False,BONUS:13;DIVIDEND:0.68,resolved_by_action
SABSL,2021-03-14,1530,2021-03-10,1,1358.0,1180.0,-0.13107511045655373,-0.039453240058910044,-0.03946842581184573,False,BONUS:10.5;DIVIDEND:0.55,resolved_by_action
SABSL,2021-12-05,1704,2021-12-02,1,1971.0,1381.1,-0.29928970065956373,-0.08093351090816847,-0.08099714565197458,False,BONUS:31.05;DIVIDEND:1.63,resolved_by_action
SABSL,2023-02-26,1997,2023-02-23,1,840.0,734.0,-0.1261904761904762,0.032169642857142966,0.03220424324944382,False,BONUS:18;DIVIDEND:0.95,resolved_by_action
SADBL,2015-03-31,192,2015-03-26,3,404.0,340.0,-0.15841584158415845,-0.017363861386138768,-0.017624963883270506,False,BONUS:15;DIVIDEND:6.3,resolved_by_action
SADBL,2016-02-04,376,2016-02-03,1,515.0,391.0,-0.24077669902912624,0.08823665048543683,0.08334708943760538,False,BONUS:20.85;RIGHT:25,resolved_by_action
SADBL,2017-05-18,673,2017-05-17,1,492.0,414.0,-0.1585365853658537,-0.02167215447154469,-0.021707782590328684,False,BONUS:16.07;DIVIDEND:0.85,resolved_by_action
SADBL,2017-12-13,802,2017-12-12,1,334.0,227.0,-0.3203592814371258,-0.016167664670658666,-0.013043478260871155,False,RIGHT:80,resolved_by_action
SADBLP,2018-02-26,848,2017-11-22,59,205.0,165.0,-0.19512195121951215,-0.19512195121951215,-0.19512195121951215,True,,halt_resumption
SADBLP,2018-12-31,1053,2018-08-12,93,150.0,100.0,-0.33333333333333337,-0.33333333333333337,-0.33333333333333337,True,,halt_resumption
SADBLP,2019-04-03,1117,2018-12-31,64,100.0,118.0,0.17999999999999994,0.17999999999999994,0.17999999999999994,True,,halt_resumption
SADBLP,2020-09-23,1417,2020-07-15,48,114.0,102.0,-0.10526315789473684,-0.10526315789473684,-0.10526315789473684,True,,halt_resumption
SADBLP,2021-03-02,1524,2020-12-27,46,104.0,121.0,0.16346153846153855,0.16346153846153855,0.16346153846153855,True,,halt_resumption
SADBLP,2021-07-27,1622,2021-04-07,75,121.0,236.0,0.9504132231404958,0.9504132231404958,0.9504132231404958,True,,halt_resumption
SADBLP,2022-11-16,1936,2022-07-12,85,214.0,157.0,-0.26635514018691586,-0.26635514018691586,-0.26635514018691586,True,,halt_resumption
SADBLP,2025-01-02,2424,2024-10-27,41,164.0,209.0,0.27439024390243905,0.27439024390243905,0.27439024390243905,True,,halt_resumption
SADBLP,2025-09-03,2584,2025-06-30,46,197.0,234.0,0.18781725888324874,0.18781725888324874,0.18781725888324874,True,,halt_resumption
SAFL,2016-06-05,453,2016-06-02,1,398.0,332.0,-0.16582914572864327,-0.03361306532663311,-0.03361306532663311,False,BONUS:15.85,resolved_by_action
SAFL,2016-12-11,571,2016-12-08,1,417.0,274.0,-0.34292565947242204,-0.009112709832134303,-0.007645875251510614,False,RIGHT:80,resolved_by_action
SAHAS,2024-09-29,2367,2024-09-26,1,517.5,456.0,-0.11884057971014494,-0.047574975845410594,-0.047611772615376746,False,BONUS:8;DIVIDEND:0.421,resolved_by_action
SAMAJ,2023-08-07,2106,2023-08-03,2,74.9,65.56,-0.12469959946595466,0.009543391188251205,0.009635046335298991,False,BONUS:14.25;DIVIDEND:0.75,resolved_by_action
SANIMA,2014-09-28,77,2014-09-24,1,560.0,475.0,-0.1517857142857143,-0.023213392857142856,-0.023244544697849645,False,BONUS:15;DIVIDEND:0.79,resolved_by_action
SANIMA,2015-10-01,296,2015-09-30,1,832.0,672.0,-0.1923076923076923,-0.029570312500000084,-0.029605807443419563,False,BONUS:20;DIVIDEND:1.05,resolved_by_action
SANIMA,2016-06-07,455,2016-06-06,1,929.0,692.0,-0.25511302475780406,0.06350914962325072,0.06026557711950975,False,RIGHT:50,resolved_by_action
SANIMA,2016-09-29,530,2016-09-28,1,757.0,649.0,-0.142668428005284,-0.013077278731836284,-0.013090256588599414,False,BONUS:15;DIVIDEND:0.79,resolved_by_action
SANIMA,2017-04-03,645,2017-03-30,2,574.0,506.0,-0.11846689895470386,0.09372822299651573,0.08907284768211987,False,RIGHT:30,resolved_by_action
SANIMA,2017-09-24,753,2017-09-20,1,395.0,335.0,-0.15189873417721522,-0.01620253164556973,-0.016202531645569618,False,BONUS:16,resolved_by_action
SANIMA,2019-09-30,1241,2019-09-29,1,347.0,304.0,-0.12391930835734866,-0.006059077809798197,-0.0062480962251397765,False,BONUS:10;DIVIDEND:11.05,resolved_by_action
SANIMA,2021-10-24,1677,2021-10-21,1,488.8,402.0,-0.1775777414075287,-0.03602707651391168,-0.03608983243540498,False,BONUS:17;DIVIDEND:0.8947,resolved_by_action
SANIMA,2022-12-05,1947,2022-12-04,1,271.9,242.0,-0.10996689959543937,-0.017539536594335936,-0.017599799239027214,False,BONUS:10;DIVIDEND:0.98,resolved_by_action
SANIMA,2023-10-09,2146,2023-10-08,1,269.7,237.6,-0.11902113459399333,-0.019655172413792887,-0.02005789204835684,False,BONUS:9;DIVIDEND:5.7,resolved_by_action
SBBLJ,2015-01-12,142,2014-12-23,12,521.0,409.0,-0.2149712092130518,0.11946449136276382,0.11734728506787317,False,BONUS:26;DIVIDEND:10;RIGHT:15,action_mismatch
SBBLJ,2015-12-24,347,2015-12-23,1,434.0,333.0,-0.23271889400921664,-0.014662442396313313,-0.014709774655082497,False,BONUS:28;DIVIDEND:1.47,resolved_by_action
SBBLJ,2017-05-02,663,2017-04-27,2,468.0,387.0,-0.17307692307692313,0.041559829059829134,0.03866799204771487,False,RIGHT:35,resolved_by_action
SBBLJ,2017-12-17,804,2017-12-13,2,293.0,252.0,-0.13993174061433444,0.046672354948805284,0.047363408087280234,False,BONUS:20;DIVIDEND:4.5,resolved_by_action
SBI,2016-01-19,364,2016-01-18,1,1589.0,1260.0,-0.2070484581497798,0.007897419760855895,0.007904130063848935,False,BONUS:27;DIVIDEND:1.42,resolved_by_action
SBI,2017-02-05,608,2017-02-02,1,1433.0,1075.0,-0.24982554082344732,-0.03876238660153519,-0.03880174342922127,False,BONUS:28;DIVIDEND:1.53,resolved_by_action
SBI,2017-05-09,668,2017-05-08,1,1400.0,1059.0,-0.24357142857142855,0.03042857142857147,0.029583333333332407,False,RIGHT:40,resolved_by_action
SBI,2017-12-17,804,2017-12-14,1,745.0,627.0,-0.15838926174496648,-0.02758000000000016,-0.02760851644752549,False,BONUS:15.42;DIVIDEND:0.81,resolved_by_action
SBL,2014-10-20,88,2014-10-19,1,700.0,620.0,-0.11428571428571432,0.007145714285714311,0.007255605615334781,False,BONUS:12;DIVIDEND:11.16,resolved_by_action
SBL,2015-12-16,341,2015-12-15,1,696.0,571.0,-0.1795977011494253,-0.01408405172413807,-0.014104265811993755,False,BONUS:20;DIVIDEND:1.05,resolved_by_action
SBL,2016-10-03,532,2016-10-02,1,1293.0,1092.0,-0.15545243619489557,0.036349574632637216,0.03566009104704082,False,RIGHT:25,resolved_by_action
SBL,2017-02-02,607,2017-02-01,1,923.0,655.0,-0.2903575297941495,-0.013596966413867762,-0.013596966413867762,False,BONUS:39,resolved_by_action
SBL,2017-05-30,679,2017-05-28,1,670.0,516.0,-0.22985074626865676,-0.043582089552238745,-0.04171428571428504,False,RIGHT:30,resolved_by_action
SBL,2018-03-04,851,2018-02-28,1,352.0,300.0,-0.1477272727272727,-0.028409090909090717,-0.02840909090909083,False,BONUS:14,resolved_by_action
SBL,2019-10-16,1248,2019-10-15,1,338.0,294.0,-0.1301775147928994,-0.00030473372781048,-0.0003183896285353649,False,BONUS:10;DIVIDEND:15.26,resolved_by_action
SBL,2021-01-12,1490,2021-01-11,1,472.0,420.0,-0.11016949152542377,0.0026483050847458944,0.002664393051263092,False,BONUS:12;DIVIDEND:3,resolved_by_action
SBL,2022-01-02,1722,2021-12-29,1,464.0,413.6,-0.10862068965517235,0.01993642241379323,0.01996708307476469,False,BONUS:14.25;DIVIDEND:0.75,resolved_by_action
SBL,2022-12-28,1962,2022-12-27,1,339.0,295.0,-0.12979351032448383,-0.01916814159292035,-0.01920365986647876,False,BONUS:12.5;DIVIDEND:0.66,resolved_by_action
SBLPO,2015-07-01,237,2014-08-18,186,106.0,306.0,1.8867924528301887,1.8867924528301887,1.8867924528301887,False,,halt_resumption
SBLPO,2016-07-28,490,2015-08-12,226,187.0,706.0,2.7754010695187166,2.7754010695187166,2.7754010695187166,False,,halt_resumption
SBLPO,2017-03-21,637,2016-07-28,147,706.0,350.0,-0.5042492917847026,-0.5042492917847026,-0.5042492917847026,False,,halt_resumption
SBLPO,2017-10-09,759,2017-07-02,59,350.0,215.0,-0.3857142857142857,-0.3857142857142857,-0.3857142857142857,False,,halt_resumption
SBLPO,2019-03-18,1106,2018-12-17,63,195.0,162.0,-0.16923076923076918,-0.16923076923076918,-0.16923076923076918,True,,halt_resumption
SBLPO,2019-07-15,1186,2019-04-10,64,162.0,200.0,0.23456790123456783,0.23456790123456783,0.23456790123456783,True,,halt_resumption
SBLPO,2021-07-05,1607,2021-04-04,63,190.0,270.0,0.42105263157894735,0.42105263157894735,0.42105263157894735,True,,halt_resumption
SBLPO,2022-07-03,1844,2022-04-28,45,270.0,193.0,-0.2851851851851852,-0.2851851851851852,-0.2851851851851852,True,,halt_resumption
SBLPO,2025-07-03,2541,2024-07-21,218,137.7,175.0,0.2708787218591142,0.2708787218591142,0.2708787218591142,True,,halt_resumption
SCB,2016-05-02,429,2016-04-28,1,3595.0,3080.0,-0.14325452016689844,0.07600820584144641,0.0763960192358959,False,BONUS:25;DIVIDEND:19.21,resolved_by_action
SCB,2016-12-07,569,2016-12-06,1,2870.0,2122.0,-0.2606271777003484,-0.013614947735191674,-0.01362283901388861,False,BONUS:33.33;DIVIDEND:1.75,resolved_by_action
SCB,2017-12-31,813,2017-12-28,1,1900.0,967.0,-0.4910526315789474,0.020524736842105318,0.020578859241911607,False,BONUS:100;DIVIDEND:5.26,resolved_by_action
SCB,2021-11-28,1699,2021-11-25,1,535.1,476.2,-0.11007288357316392,-0.015647542515417556,-0.015733014150881575,False,BONUS:10;DIVIDEND:3.06,resolved_by_action
SDBL,2016-11-24,560,2016-11-23,1,449.0,327.0,-0.2717149220489977,-0.09692650334075725,-0.09692650334075725,False,BONUS:24,resolved_by_action
SDBL,2017-04-20,656,2017-03-01,31,297.0,340.0,0.14478114478114468,0.6296296296296295,0.5238095238095253,False,RIGHT:60,action_mismatch
SDESI,2018-09-10,980,2018-09-09,1,1503.0,834.0,-0.44510978043912175,0.043246839654025315,0.040548970679975094,False,RIGHT:100,resolved_by_action
SDESI,2019-11-26,1273,2019-11-21,3,645.0,534.0,-0.172093023255814,0.015581395348837068,0.01593341260404224,False,BONUS:20;DIVIDEND:15,resolved_by_action
SDLBSL,2020-12-31,1482,2020-12-30,1,1225.0,1022.0,-0.1657142857142857,-0.014808138775510127,-0.014819026586529893,False,BONUS:18;DIVIDEND:0.9474,resolved_by_action
SDLBSL,2021-10-20,1675,2021-10-19,1,1769.0,1400.1,-0.20853589598643307,-0.009960994912379895,-0.009968061022341601,False,BONUS:25;DIVIDEND:1.32,resolved_by_action
SETI,2016-10-26,544,2016-10-25,1,505.0,258.0,-0.4891089108910891,-0.01980198019801982,-0.01526717557251911,False,RIGHT:150,resolved_by_action
SEWA,2014-11-13,104,2014-11-12,1,399.0,300.0,-0.24812030075187974,0.022556390977443552,0.02127659574468188,False,BONUS:20;RIGHT:20,resolved_by_action
SEWA,2016-01-03,352,2015-12-27,4,290.0,255.0,-0.12068965517241381,0.037586206896551566,0.03758620689655179,False,BONUS:18,resolved_by_action
SEWA,2016-10-05,534,2016-10-04,1,674.0,397.0,-0.4109792284866469,0.11780415430267066,0.10000000000000142,False,RIGHT:120,resolved_by_action
SFCL,2020-08-25,1397,2020-08-24,1,153.0,143.0,-0.065359477124183,0.49673202614379086,0.2152974504249292,True,RIGHT:200,adjustment_overshoot
SFCL,2021-12-26,1718,2021-12-23,1,492.0,367.0,-0.25406504065040647,0.017276422764227695,0.01568265682656822,False,RIGHT:50,resolved_by_action
SFFIL,2015-02-22,167,2014-12-15,43,93.0,60.0,-0.3548387096774194,0.06443548387096776,0.0665777851845677,False,BONUS:60;DIVIDEND:3.15,resolved_by_action
SFFIL,2016-10-24,542,2015-11-03,229,71.0,350.0,3.929577464788732,5.690140845070423,3.338842975206611,False,RIGHT:50,action_mismatch
SFFIL,2016-12-06,568,2016-12-01,3,832.0,587.0,-0.29447115384615385,0.061296274038461496,0.061480901481190786,False,BONUS:50;DIVIDEND:2.63,resolved_by_action
SFFIL,2017-12-24,809,2017-12-21,1,448.0,338.0,-0.2455357142857143,0.0032912946428571566,0.003303272693057524,False,BONUS:32.5;DIVIDEND:1.71,resolved_by_action
SFFIL,2018-12-30,1052,2018-12-27,1,267.0,228.0,-0.1460674157303371,0.01582397003745295,0.016377555964725454,False,BONUS:15;DIVIDEND:9.5,resolved_by_action
SFFIL,2019-09-23,1236,2019-09-22,1,248.0,200.0,-0.19354838709677424,0.048387096774193505,0.03896103896103997,False,RIGHT:60,resolved_by_action
SGICP,2025-03-20,2473,2025-03-03,12,250.0,100.0,-0.6,-0.6,-0.6,True,,unresolved
SGICP,2025-04-23,2494,2025-03-23,20,100.0,323.0,2.23,2.23,2.23,True,,halt_resumption
SHBL,2015-04-13,201,2015-03-26,12,1400.0,1428.0,0.020000000000000018,0.2036,0.2036,False,BONUS:18,adjustment_overshoot
SHBL,2015-04-15,202,2015-04-13,1,1428.0,1225.0,-0.1421568627450981,-0.1421568627450981,-0.1421568627450981,False,,unresolved
SHBL,2017-02-07,610,2016-05-17,170,1279.0,450.0,-0.6481626270523847,0.21436669272869424,0.1806218913666422,False,BONUS:35;RIGHT:150;BONUS:18,action_mismatch
SHEL,2024-01-07,2195,2024-01-04,1,305.8,223.1,-0.27043819489862664,0.13211249182472207,0.09955643173977324,False,RIGHT:100,resolved_by_action
SHINE,2016-08-24,508,2015-10-08,207,483.0,417.0,-0.1366459627329193,0.09925258799171854,0.09953057296673284,False,BONUS:27;DIVIDEND:1.42,resolved_by_action
SHINE,2016-11-30,564,2016-11-29,1,505.0,405.0,-0.19801980198019797,0.01851485148514853,0.01851485148514853,False,BONUS:27,resolved_by_action
SHINE,2017-12-26,810,2017-12-24,1,391.0,301.0,-0.2301790281329923,-0.03772378516624042,-0.03772378516624042,False,BONUS:25,resolved_by_action
SHINE,2018-10-02,994,2018-10-01,1,290.0,235.0,-0.18965517241379315,-0.04317758620689638,-0.043309530933031914,False,BONUS:17.7;DIVIDEND:0.93,resolved_by_action
SHINE,2020-06-29,1357,2020-03-22,3,255.0,210.0,-0.17647058823529416,-0.05294117647058838,-0.05294117647058827,False,BONUS:15,resolved_by_action
SHINE,2020-12-31,1482,2020-12-30,1,266.0,234.0,-0.12030075187969924,-0.005939849624060356,-0.005939849624060245,False,BONUS:13,resolved_by_action
SHINE,2021-12-05,1704,2021-12-02,1,448.0,389.0,-0.1316964285714286,-0.035582142857142895,-0.035625203231137936,False,BONUS:10.93;DIVIDEND:0.57,resolved_by_action
SHL,2014-12-14,123,2014-12-11,1,615.0,482.0,-0.21626016260162606,0.124870731707317,0.1284196021936279,False,BONUS:40;DIVIDEND:17.89,action_mismatch
SHL,2015-12-16,341,2015-12-15,1,434.0,323.0,-0.2557603686635944,-0.05531912442396314,-0.05612629556163129,False,BONUS:25;DIVIDEND:6.57,resolved_by_action
SHL,2017-11-20,787,2017-11-19,1,309.0,265.0,-0.14239482200647247,0.0048462783171521195,0.004938129116824674,False,BONUS:15;DIVIDEND:6.05,resolved_by_action
SHL,2018-12-12,1040,2018-12-11,1,234.0,206.0,-0.11965811965811968,0.03459188034188032,0.03704483411172843,False,BONUS:10;DIVIDEND:16.31,resolved_by_action
SHL,2019-12-11,1284,2019-12-10,1,216.0,191.0,-0.1157407407407407,0.06664120370370363,0.07012966765811424,False,BONUS:15;DIVIDEND:11.31,resolved_by_action
SHPC,2017-07-25,717,2017-07-24,1,1105.0,626.0,-0.4334841628959276,0.04253393665158378,0.039004149377593444,False,RIGHT:100,resolved_by_action
SHPC,2018-10-11,1001,2018-10-10,1,286.0,255.0,-0.10839160839160844,-0.002622377622377603,-0.002666666666667039,False,BONUS:10;DIVIDEND:5,resolved_by_action
SHPC,2020-12-28,1479,2020-12-27,1,338.0,298.0,-0.11834319526627224,-0.016124260355029563,-0.016354088522130827,False,BONUS:10;DIVIDEND:5,resolved_by_action
SHPC,2021-10-04,1667,2021-10-03,1,447.0,383.0,-0.14317673378076068,-0.05637587248322151,-0.056439001463415295,False,BONUS:10;DIVIDEND:0.5263,resolved_by_action
SIC,2014-06-05,4,2014-06-04,1,1335.0,1112.0,-0.1670411985018727,0.015277153558052259,0.015521249919139501,False,BONUS:20;DIVIDEND:22.1,resolved_by_action
SIC,2015-07-01,237,2015-06-30,1,910.0,801.0,-0.1197802197802198,0.013077472527472489,0.01308826675186503,False,BONUS:15;DIVIDEND:0.79,resolved_by_action
SIC,2016-06-30,472,2016-06-29,1,2999.0,2555.0,-0.14804934978326112,0.054684894964988295,0.054706556864380085,False,BONUS:23.75;DIVIDEND:1.25,resolved_by_action
SIC,2016-12-28,582,2016-12-27,1,1340.0,1070.0,-0.20149253731343286,-0.02500559701492544,-0.025026000675924087,False,BONUS:22;DIVIDEND:1.15,resolved_by_action
SIC,2019-06-16,1165,2019-06-13,1,1268.0,673.0,-0.46924290220820186,-0.012791798107255503,-0.012791798107255614,False,BONUS:86,resolved_by_action
SIC,2021-07-01,1605,2021-06-30,1,1554.0,1383.0,-0.11003861003861004,-0.011788960746460742,-0.0117931342941896,False,BONUS:11;DIVIDEND:0.5789,resolved_by_action
SIC,2022-05-02,1800,2022-04-28,1,1295.0,1020.0,-0.21235521235521237,-0.05405407722007716,-0.05409584882312535,False,BONUS:20;DIVIDEND:1.0526,resolved_by_action
SIC,2023-02-12,1990,2023-02-09,1,799.8,691.0,-0.13603400850212544,-0.028120773943485777,-0.028142766153487986,False,BONUS:12.4;DIVIDEND:0.6579,resolved_by_action
SICL,2014-06-09,6,2014-06-05,2,938.0,885.0,-0.05650319829424311,0.13219616204690832,0.13219616204690832,False,BONUS:20,adjustment_overshoot
SICL,2015-02-22,167,2015-02-18,1,840.0,686.0,-0.18333333333333335,-0.01881250000000012,-0.01883486640385479,False,BONUS:20;DIVIDEND:1.05,resolved_by_action
SICL,2016-03-03,394,2016-03-02,1,1855.0,1560.0,-0.15902964959568733,0.043448517520215724,0.04347657221398382,False,BONUS:24;DIVIDEND:1.26,resolved_by_action
SICL,2016-12-11,571,2016-12-08,1,3600.0,2161.0,-0.3997222222222222,-0.038724305555555505,-0.03875652191439716,False,BONUS:60;DIVIDEND:3.15,resolved_by_action
SICL,2017-12-10,799,2017-12-06,1,1778.0,1360.0,-0.2350956130483689,-0.01245798650168728,-0.012468152463794735,False,BONUS:29;DIVIDEND:1.526,resolved_by_action
SICL,2020-02-25,1338,2020-02-24,1,1340.0,1159.0,-0.13507462686567162,0.10201492537313439,0.0997810218978108,False,RIGHT:30,resolved_by_action
SICL,2021-03-10,1529,2021-03-09,1,2622.0,1970.0,-0.24866514111365368,-0.0394972540045766,-0.03951818718924005,False,BONUS:27.769;DIVIDEND:1.462,resolved_by_action
SICL,2022-02-06,1746,2022-02-03,1,1986.0,1600.0,-0.1943605236656596,0.03222557905337364,0.0317460317460323,False,RIGHT:30,resolved_by_action
SICL,2023-01-31,1982,2023-01-30,1,938.0,779.0,-0.1695095948827292,-0.03577825692963754,-0.03580879729081976,False,BONUS:16;DIVIDEND:0.8421,resolved_by_action
SIFC,2015-05-31,214,2014-06-12,205,475.0,416.0,-0.12421052631578944,-0.017855789473684047,-0.017878316152035723,False,BONUS:12;DIVIDEND:0.63,resolved_by_action
SIFC,2017-04-25,659,2015-12-13,321,311.0,339.0,0.090032154340836,0.2061655948553054,0.20651254921854223,False,BONUS:10.5;DIVIDEND:0.55,adjustment_overshoot
SIFC,2018-01-14,822,2018-01-10,1,385.0,240.0,-0.37662337662337664,-0.07480519480519465,-0.06153846153846243,False,RIGHT:83,resolved_by_action
SIFC,2018-06-18,921,2018-06-17,1,212.0,163.0,-0.23113207547169812,-0.02684386792452831,-0.026843867924528197,False,BONUS:26.57,resolved_by_action
SIL,2016-03-24,405,2016-03-23,1,1570.0,1250.0,-0.20382165605095537,-0.004777070063694322,-0.004777070063694322,False,BONUS:25,resolved_by_action
SIL,2016-12-26,580,2016-12-22,1,1850.0,1315.0,-0.28918918918918923,-0.07513972972972971,-0.07520035747739318,False,BONUS:30;DIVIDEND:1.57,resolved_by_action
SIL,2017-04-30,662,2017-04-27,1,1960.0,1669.0,-0.148469387755102,0.005475128571428511,0.005421930580304712,False,RIGHT:19.2308,resolved_by_action
SIL,2017-11-01,774,2017-10-31,1,1440.0,1160.0,-0.19444444444444442,-0.03263864583333331,-0.03266133525466808,False,BONUS:20;DIVIDEND:1.053,resolved_by_action
SIL,2018-05-15,898,2018-05-14,1,981.0,740.0,-0.2456676860346585,-0.0173292558613658,-0.0167322834645659,False,RIGHT:35,resolved_by_action
SIL,2019-06-13,1164,2019-06-12,1,544.0,478.0,-0.12132352941176472,0.014695588235294155,0.014695588235294155,False,BONUS:15.48,resolved_by_action
SIL,2021-05-30,1581,2021-05-27,1,1350.0,1207.0,-0.10592592592592598,0.004029577777777904,0.004040351839850853,False,BONUS:12;DIVIDEND:3.7894,resolved_by_action
SIL,2022-03-31,1781,2022-03-30,1,1025.0,910.0,-0.1121951219512195,0.021707341463414576,0.02172323704474577,False,BONUS:15;DIVIDEND:0.7895,resolved_by_action
SINDU,2015-12-06,333,2015-10-29,23,275.0,240.0,-0.12727272727272732,-0.015901818181818128,-0.015938157180188983,False,BONUS:12.5;DIVIDEND:0.66,resolved_by_action
SINDU,2016-07-25,487,2016-07-21,1,681.0,422.0,-0.38032305433186486,0.09251101321585908,0.08066581306017917,False,RIGHT:100,resolved_by_action
SINDU,2017-08-27,738,2017-08-24,1,319.0,206.0,-0.35423197492163006,-0.08840125391849529,-0.07067669172932478,False,RIGHT:80,resolved_by_action
SINDU,2020-01-01,1299,2019-12-31,1,132.0,118.0,-0.10606060606060608,0.0009626742424244661,0.0009668835185481228,False,BONUS:11.4851;DIVIDEND:0.6049,resolved_by_action
SJLIC,2024-04-21,2263,2024-04-18,1,504.7,435.0,-0.1381018426788191,-0.0031028333663561947,-0.0032543843789559768,False,BONUS:10.26;DIVIDEND:24.74,resolved_by_action
SJLICP,2024-05-12,2276,2023-03-05,274,351.0,480.0,0.36752136752136755,0.36752136752136755,0.36752136752136755,False,,halt_resumption
SJLICP,2024-10-06,2371,2024-05-12,95,480.0,318.34,-0.3367916666666667,-0.3367916666666667,-0.3367916666666667,True,,halt_resumption
SJLICP,2025-01-06,2426,2024-10-06,55,318.34,245.0,-0.23038260978827663,-0.23038260978827663,-0.23038260978827663,True,,halt_resumption
SKBBL,2015-11-24,325,2015-11-23,1,1975.0,1385.0,-0.2987341772151899,0.026582278481012578,0.025925925925925908,False,RIGHT:50,resolved_by_action
SKBBL,2015-12-28,349,2015-12-27,1,1575.0,1295.0,-0.1777777777777778,0.028567936507936542,0.028590527562890156,False,BONUS:25;DIVIDEND:1.31,resolved_by_action
SKBBL,2016-12-29,583,2016-12-28,1,1210.0,980.0,-0.1900826446280992,0.013425206611570317,0.013439028819310472,False,BONUS:25;DIVIDEND:1.31,resolved_by_action
SKBBL,2017-11-26,791,2017-11-23,1,1515.0,1229.0,-0.1887788778877888,0.014851617161716124,0.01486388305385744,False,BONUS:25;DIVIDEND:1.316,resolved_by_action
SKBBL,2019-01-17,1066,2019-01-16,1,1082.0,897.0,-0.17097966728280967,0.0374282347504622,0.03747143252436169,False,BONUS:25;DIVIDEND:1.313,resolved_by_action
SKBBL,2019-12-30,1297,2019-12-29,1,998.0,786.0,-0.2124248496993988,0.003554408817635135,0.0035592673245252726,False,BONUS:27.25;DIVIDEND:1.434,resolved_by_action
SKBBL,2020-12-31,1482,2020-12-30,1,1769.0,1426.0,-0.19389485585076316,0.008337996042962148,0.008343891551842342,False,BONUS:25;DIVIDEND:1.3157,resolved_by_action
SKBBL,2021-12-20,1714,2021-12-16,1,1470.0,1170.0,-0.20408163265306123,-0.004251693877551088,-0.004255312369397912,False,BONUS:25;DIVIDEND:1.3158,resolved_by_action
SKBBL,2023-03-12,2005,2023-03-09,1,1119.0,886.0,-0.20822162645218945,-0.00119751563896342,-0.0011989084513033266,False,BONUS:26;DIVIDEND:1.3684,resolved_by_action
SKBBL,2024-01-01,2191,2023-12-28,1,1014.9,893.0,-0.120110355700069,0.005975958222484978,0.005980156529241443,False,BONUS:14.25;DIVIDEND:0.75,resolved_by_action
SKBBL,2025-01-01,2423,2024-12-31,1,923.0,810.0,-0.12242686890574217,-0.004989165763813697,-0.004992762933207606,False,BONUS:13.3;DIVIDEND:0.7,resolved_by_action
SKDBL,2016-12-27,581,2016-12-22,2,435.0,250.0,-0.4252873563218391,0.020689655172413834,0.01648351648351598,False,BONUS:11;RIGHT:100,resolved_by_action
SKDBL,2017-06-28,699,2017-06-27,1,350.0,209.0,-0.4028571428571428,0.0020000000000000018,0.001458333333332229,False,RIGHT:130,resolved_by_action
SLBBL,2014-10-22,90,2014-10-21,1,2370.0,1860.0,-0.21518987341772156,0.007786497890295507,0.007849425776266239,False,BONUS:27.39;DIVIDEND:20,resolved_by_action
SLBBL,2015-06-14,224,2015-06-11,1,2691.0,1535.0,-0.42958008175399476,0.10367892976588622,0.09996417054819062,False,RIGHT:100,resolved_by_action
SLBBL,2015-12-01,330,2015-11-30,1,1983.0,1598.0,-0.1941502773575391,0.082312657589511,0.08238369950890578,False,BONUS:34.2;DIVIDEND:1.8,resolved_by_action
SLBBL,2016-10-18,538,2016-10-03,6,2900.0,2180.0,-0.24827586206896557,-0.019227586206896463,-0.019237669399133406,False,BONUS:30.4;DIVIDEND:1.6,resolved_by_action
SLBBL,2017-05-31,680,2017-05-30,1,2580.0,1820.0,-0.2945736434108527,0.03875968992248069,0.03802281368821303,False,RIGHT:50,resolved_by_action
SLBBL,2017-10-09,759,2017-10-08,1,2135.0,1849.0,-0.13395784543325528,0.010716346604215277,0.010720544438009627,False,BONUS:16.66;DIVIDEND:0.88,resolved_by_action
SLBBL,2018-07-12,939,2018-07-11,1,1631.0,870.0,-0.4665849172286941,0.005518087063151489,0.005199306759098743,False,RIGHT:100,resolved_by_action
SLBBL,2018-09-23,988,2018-09-20,1,835.0,722.0,-0.1353293413173653,0.03879940119760472,0.03884580681712557,False,BONUS:20;DIVIDEND:1.05,resolved_by_action
SLBBL,2019-12-01,1276,2019-11-28,1,610.0,470.0,-0.2295081967213115,-0.021221311475409732,-0.021267681995169485,False,BONUS:26.75;DIVIDEND:1.4,resolved_by_action
SLBBL,2021-02-28,1522,2021-02-25,1,1478.0,1241.0,-0.16035182679296345,-0.05589439648173211,-0.05591783411274953,False,BONUS:12.3907;DIVIDEND:0.6521,resolved_by_action
SLBBL,2021-10-31,1682,2021-10-28,1,1590.0,1294.0,-0.18616352201257858,0.01729559748427678,0.01729559748427678,False,BONUS:25,resolved_by_action
SLBBL,2023-03-14,2007,2023-03-13,1,810.0,653.0,-0.1938271604938272,-0.015111104938271613,-0.015131654191690158,False,BONUS:22;DIVIDEND:1.1579,resolved_by_action
SLBBL,2025-04-24,2495,2025-04-23,1,960.24,838.08,-0.12721819545113722,-0.008689728609514225,-0.008695841118218972,False,BONUS:13.5;DIVIDEND:0.7105,resolved_by_action
SLBBLP,2018-05-06,892,2017-03-28,251,1000.0,675.0,-0.32499999999999996,-0.32499999999999996,-0.32499999999999996,True,,halt_resumption
SLBBLP,2019-03-28,1113,2018-05-06,221,675.0,247.0,-0.634074074074074,-0.634074074074074,-0.634074074074074,True,,halt_resumption
SLBBLP,2020-08-25,1397,2020-07-14,29,262.0,450.0,0.717557251908397,0.717557251908397,0.717557251908397,True,,halt_resumption
SLBBLP,2021-01-11,1489,2020-09-22,73,450.0,642.0,0.42666666666666675,0.42666666666666675,0.42666666666666675,True,,halt_resumption
SLBBLP,2021-06-21,1597,2021-01-20,102,642.0,810.0,0.26168224299065423,0.26168224299065423,0.26168224299065423,True,,halt_resumption
SLBBLP,2021-12-22,1716,2021-09-29,52,810.0,523.0,-0.35432098765432096,-0.35432098765432096,-0.35432098765432096,True,,halt_resumption
SLBBLP,2022-09-16,1905,2021-12-22,189,523.0,288.0,-0.44933078393881454,-0.44933078393881454,-0.44933078393881454,True,,halt_resumption
SLBBLP,2023-08-02,2103,2023-05-04,61,303.0,410.0,0.3531353135313531,0.3531353135313531,0.3531353135313531,True,,halt_resumption
SLBBLP,2025-01-26,2439,2024-02-22,212,410.0,499.0,0.2170731707317073,0.2170731707317073,0.2170731707317073,True,,halt_resumption
SLBS,2018-01-02,815,2017-12-21,7,1318.0,1130.0,-0.14264036418816384,0.020978755690440165,0.020993887855434323,False,BONUS:19;DIVIDEND:1,resolved_by_action
SLBS,2018-02-11,839,2018-02-08,1,1479.0,929.0,-0.37187288708586885,0.020486815415821535,0.01956100710135744,False,RIGHT:70,resolved_by_action
SLBS,2018-12-10,1038,2018-12-09,1,1429.0,998.0,-0.3016095171448565,-0.0015517844646605328,-0.001554109103014567,False,BONUS:42.75;DIVIDEND:2.25,resolved_by_action
SLBS,2020-07-05,1361,2019-07-04,182,793.0,603.0,-0.2395964691046658,0.10135825977301383,0.10164319397251065,False,BONUS:44.47;DIVIDEND:2.34,resolved_by_action
SLBS,2021-04-01,1543,2021-03-31,1,2261.0,1965.0,-0.13091552410437857,0.0027909000442283283,0.002791847395470448,False,BONUS:15.3457;DIVIDEND:0.8076,resolved_by_action
SLBSL,2019-12-08,1281,2019-12-05,1,804.0,612.0,-0.23880597014925375,0.00676119402985087,0.006774642200188419,False,BONUS:32;DIVIDEND:1.68,resolved_by_action
SLBSL,2023-07-02,2080,2023-06-28,1,1124.0,996.0,-0.11387900355871883,-0.02104092526690382,-0.02113022113022145,False,BONUS:10;DIVIDEND:5,resolved_by_action
SLBSL,2024-05-19,2281,2024-03-06,45,804.0,972.3,0.20932835820895512,0.20932835820895512,0.20932835820895512,True,,halt_resumption
SLBSP,2021-03-01,1523,2021-01-31,21,531.0,1111.0,1.0922787193973633,1.0922787193973633,1.0922787193973633,True,,halt_resumption
SLICL,2016-07-12,479,2016-07-11,1,1184.0,971.0,-0.17989864864864868,0.004011824324324342,0.003928866832092481,False,RIGHT:25,resolved_by_action
SLICL,2017-08-27,738,2017-08-24,1,1175.0,1050.0,-0.1063829787234043,-0.017021276595744705,-0.017021276595744483,False,BONUS:10,resolved_by_action
SLICL,2018-04-18,882,2018-04-17,1,950.0,777.0,-0.18210526315789477,0.10294736842105268,0.09878787878787754,False,RIGHT:40,resolved_by_action
SLICL,2018-07-01,930,2018-06-28,1,650.0,570.0,-0.12307692307692308,-0.01692538461538451,-0.016940983351593664,False,BONUS:12;DIVIDEND:0.63,resolved_by_action
SLICL,2019-06-11,1162,2019-06-10,1,560.0,484.0,-0.13571428571428568,-0.03199999999999992,-0.03199999999999992,False,BONUS:12,resolved_by_action
SLICL,2019-08-14,1208,2019-08-13,1,451.0,300.0,-0.3348115299334812,-0.024390243902439046,-0.021113243761994638,False,RIGHT:70,resolved_by_action
SMATA,2017-11-27,792,2017-11-15,8,573.0,487.0,-0.15008726003490402,0.03909424083769619,0.03985950152936146,False,BONUS:20;DIVIDEND:11.58,resolved_by_action
SMATA,2018-03-29,868,2018-02-04,34,590.0,590.0,0.0,0.0,0.0,True,,halt_resumption
SMATA,2018-06-26,927,2018-06-25,1,2052.0,1363.0,-0.3357699805068226,-0.028021442495126725,-0.027354900095147405,False,RIGHT:50,resolved_by_action
SMATA,2018-11-28,1030,2018-11-27,1,1280.0,1135.0,-0.11328125,-0.04876328125000007,-0.049031113708633334,False,BONUS:6.66;DIVIDEND:7.36,resolved_by_action
SMATA,2019-09-18,1233,2019-09-17,1,1273.0,540.0,-0.5758051846032992,0.11547525530243519,0.09979633401221988,False,RIGHT:200,resolved_by_action
SMATA,2021-05-04,1564,2020-05-12,209,660.0,605.0,-0.08333333333333337,0.10909696969696969,0.11009853271273862,False,BONUS:20;DIVIDEND:6.32,adjustment_overshoot
SMATA,2021-12-12,1709,2021-12-09,1,1351.0,1025.0,-0.2413027387120651,-0.08604737231680237,-0.08635097493036192,False,BONUS:20;DIVIDEND:5,resolved_by_action
SMATA,2023-03-15,2008,2023-03-14,1,735.5,618.0,-0.15975526852481303,-0.02984364377974169,-0.02995973520780726,False,BONUS:15;DIVIDEND:3,resolved_by_action
SMB,2018-06-12,917,2018-06-11,1,613.0,376.0,-0.38662316476345837,-0.38662316476345837,-0.38662316476345837,True,,unresolved
SMB,2018-06-13,918,2018-06-12,1,376.0,613.0,0.6303191489361701,0.6303191489361701,0.6303191489361701,True,,unresolved
SMB,2021-12-16,1713,2021-12-15,1,2300.0,1794.9,-0.2196086956521739,0.015160850000000003,0.015170743666441888,False,BONUS:30;DIVIDEND:1.5789,resolved_by_action
SMB,2024-01-01,2191,2023-12-28,1,1080.0,966.0,-0.10555555555555551,0.011324064814814738,0.011330884223552218,False,BONUS:13;DIVIDEND:0.6842,resolved_by_action
SMFBS,2020-01-12,1306,2020-01-09,1,1177.0,1044.0,-0.112999150382328,0.10090611724723875,0.10100965858375655,False,BONUS:24;DIVIDEND:1.27,resolved_by_action
SMFBS,2021-02-14,1512,2021-02-11,1,2799.0,2120.0,-0.24258663808503034,-0.09074758842443731,-0.09077994033243386,False,BONUS:20;DIVIDEND:1.05,resolved_by_action
SMFBS,2021-12-09,1708,2021-12-08,1,2540.0,1845.0,-0.27362204724409445,-0.03836614173228359,-0.03839055147268855,False,BONUS:32.3;DIVIDEND:1.7,resolved_by_action
SMFBS,2023-03-19,2010,2023-03-16,1,1260.0,1018.0,-0.19206349206349205,-0.02968256349206355,-0.029706139085635797,False,BONUS:20;DIVIDEND:1.0526,resolved_by_action
SMFDB,2014-12-17,126,2014-12-16,1,1209.0,927.0,-0.23325062034739452,-0.023720016542597144,-0.023963867226262425,False,BONUS:26;DIVIDEND:12.95,resolved_by_action
SMFDB,2015-12-31,351,2015-12-29,1,2825.0,2060.0,-0.2707964601769911,0.034163716814159306,0.034188895574245315,False,BONUS:41.72;DIVIDEND:2.19,resolved_by_action
SMFDB,2016-12-26,580,2016-12-22,1,2515.0,1601.0,-0.3634194831013916,-0.07606679920477133,-0.07613466955433024,False,BONUS:45;DIVIDEND:2.36,resolved_by_action
SMFDB,2017-08-27,738,2017-08-24,1,3710.0,2095.0,-0.4353099730458221,0.10242587601078168,0.09973753280839892,False,RIGHT:100,resolved_by_action
SMFDB,2017-12-31,813,2017-12-28,1,1685.0,1355.0,-0.19584569732937684,0.08735786350148356,0.08787908819431034,False,BONUS:34.48;DIVIDEND:10.52,resolved_by_action
SMFDB,2019-01-01,1054,2018-12-31,1,905.0,744.0,-0.17790055248618786,0.016841104972375787,0.016863054893552,False,BONUS:23.53;DIVIDEND:1.24,resolved_by_action
SMFDB,2020-01-01,1299,2019-12-31,1,655.0,539.0,-0.1770992366412214,-0.0019395419847327844,-0.0019426695343878198,False,BONUS:21.09;DIVIDEND:1.11,resolved_by_action
SMFDB,2022-01-02,1722,2021-12-29,1,1460.0,1170.0,-0.1986301369863014,0.003998636986301429,0.003998636986301429,False,BONUS:25.2853,resolved_by_action
SMFDB,2023-06-05,2062,2023-06-04,1,931.2,831.0,-0.10760309278350522,0.014159125859106503,0.014169444202972947,False,BONUS:13.5628;DIVIDEND:0.7138,resolved_by_action
SNLI,2024-05-09,2275,2024-05-08,1,583.0,455.0,-0.21955403087478564,-0.03176677530017158,-0.0318317475551253,False,BONUS:23.8;DIVIDEND:1.2526,resolved_by_action
SNLI,2025-04-20,2491,2025-04-17,1,629.16,509.23,-0.1906192383495453,-0.015000794710407384,-0.014383534503779938,False,RIGHT:27,resolved_by_action
SPARS,2019-12-26,1295,2019-12-25,1,621.0,554.0,-0.10789049919484706,0.009123993558776133,0.009133494746547788,False,BONUS:13;DIVIDEND:0.68,resolved_by_action
SPDL,2021-08-24,1640,2021-08-19,1,697.0,570.6,-0.18134863701578186,-0.09876616212338574,-0.09883706176230289,False,BONUS:10;DIVIDEND:0.5263,resolved_by_action
SPDL,2023-07-30,2100,2023-07-27,1,255.0,207.0,-0.18823529411764706,0.021568627450980316,0.0180327868852459,False,RIGHT:50,resolved_by_action
SRBL,2015-10-28,309,2015-10-27,1,490.0,409.0,-0.16530612244897958,0.016343877551020514,0.01637976260235452,False,BONUS:21.5;DIVIDEND:1.13,resolved_by_action
SRBL,2016-01-10,357,2016-01-07,1,412.0,360.0,-0.12621359223300976,-0.031553398058252524,-0.03044496487119408,False,RIGHT:15,resolved_by_action
SRBL,2016-10-03,532,2016-10-02,1,877.0,637.0,-0.2736602052451539,-0.03157115165336377,-0.03157115165336388,False,BONUS:33.33,resolved_by_action
SRBL,2017-05-15,670,2017-05-11,1,529.0,432.0,-0.18336483931947067,0.004914933837429247,0.004651162790698216,False,RIGHT:30,resolved_by_action
SRBL,2017-10-30,772,2017-10-29,1,336.0,292.0,-0.13095238095238093,-0.0005952380952382041,-0.0005952380952382041,False,BONUS:15,resolved_by_action
SRBL,2019-10-20,1250,2019-10-17,1,239.0,211.0,-0.11715481171548114,-0.005815899581589901,-0.005953145745000166,False,BONUS:10;DIVIDEND:5.8,resolved_by_action
SRLI,2024-09-29,2367,2024-09-26,1,559.5,453.0,-0.19034852546916892,-0.0415256782841823,-0.04152567828418241,False,BONUS:18.3811,resolved_by_action
SSHL,2025-08-03,2562,2025-07-31,1,285.65,212.1,-0.25748293366007347,0.13495536495711535,0.09996110462854935,False,RIGHT:100,resolved_by_action
STC,2015-04-23,208,2015-03-04,33,235.0,210.0,-0.1063829787234043,0.023404255319149136,0.024390243902438824,False,BONUS:10;DIVIDEND:10,resolved_by_action
STC,2017-07-25,717,2017-05-11,48,286.0,246.0,-0.1398601398601399,0.048776223776223704,0.04960000000000009,False,BONUS:20;DIVIDEND:5,resolved_by_action
STC,2018-05-27,906,2018-02-12,66,308.0,250.0,-0.18831168831168832,0.045454545454545414,0.04690117252931314,False,BONUS:25;DIVIDEND:10,resolved_by_action
STC,2019-05-06,1138,2019-01-30,63,501.0,440.0,-0.1217564870259481,0.11676646706586835,0.11902339776195325,False,BONUS:25;DIVIDEND:10,action_mismatch
STC,2020-11-30,1459,2020-11-29,1,7500.0,6550.0,-0.1266666666666667,0.09293333333333331,0.09305119818436691,False,BONUS:25;DIVIDEND:10,resolved_by_action
STC,2021-10-19,1674,2021-10-18,1,7889.0,6475.0,-0.17923691215616677,-0.014482190391684635,-0.01449091543266623,False,BONUS:20;DIVIDEND:5,resolved_by_action
STC,2024-03-25,2247,2024-03-21,1,5247.0,4580.0,-0.1271202591957309,0.003954736039641693,0.003955301782730514,False,BONUS:15;DIVIDEND:0.79,resolved_by_action
SUBBL,2014-12-29,133,2014-12-28,1,326.0,285.0,-0.12576687116564422,0.03357668711656436,0.03475770267652689,False,BONUS:14.34;DIVIDEND:11.66,resolved_by_action
SUBBL,2016-01-13,360,2016-01-12,1,433.0,314.0,-0.2748267898383372,0.051717280667436416,0.04750203687261001,False,BONUS:17.95;DIVIDEND:0.94;RIGHT:33.3333,resolved_by_action
SWBBL,2014-12-24,131,2014-12-23,1,1851.0,1365.0,-0.2625607779578606,0.09240950837385209,0.09353767071786923,False,BONUS:46.5;DIVIDEND:23.5,resolved_by_action
SWBBL,2015-12-20,343,2015-12-17,1,2392.0,1686.0,-0.2951505016722408,0.005108068561872958,0.005129725137668295,False,BONUS:42;DIVIDEND:10.63,resolved_by_action
SWBBL,2016-12-19,576,2016-12-18,1,1785.0,1325.0,-0.25770308123249297,0.005151820728291234,0.0052063517944813675,False,BONUS:34;DIVIDEND:19.68,resolved_by_action
SWBBL,2017-11-14,783,2017-11-13,1,1490.0,1280.0,-0.14093959731543626,0.038249328859060405,0.03853358516871208,False,BONUS:20;DIVIDEND:11.57,resolved_by_action
SWBBL,2018-12-25,1049,2018-12-24,1,1108.0,880.0,-0.2057761732851986,0.002931407942238229,0.0029614716909567296,False,BONUS:25;DIVIDEND:11.84,resolved_by_action
SWBBL,2019-12-17,1288,2019-12-16,1,1031.0,820.0,-0.20465567410281282,0.015033947623666277,0.01523042153876375,False,BONUS:26;DIVIDEND:14,resolved_by_action
SWBBL,2021-03-14,1530,2021-03-10,1,1982.0,1577.0,-0.20433905146316855,-0.05263880474268412,-0.05266404734862851,False,BONUS:19.0057;DIVIDEND:1,resolved_by_action
SWBBL,2021-12-21,1715,2021-12-20,1,1310.0,1119.0,-0.1458015267175573,0.02084732824427471,0.020938434409261353,False,BONUS:19;DIVIDEND:6,resolved_by_action
SWBBL,2023-02-22,1995,2023-02-20,1,1130.0,958.0,-0.15221238938053094,-0.01995796460177013,-0.020059995419179022,False,BONUS:15;DIVIDEND:6.05,resolved_by_action
SWBBL,2024-10-27,2383,2024-10-24,1,1075.0,926.0,-0.13860465116279075,-0.015193023255813731,-0.01520309972888989,False,BONUS:14.25;DIVIDEND:0.75,resolved_by_action
SWMF,2023-04-27,2038,2023-04-26,1,693.0,592.0,-0.14574314574314573,-0.017604617604617623,-0.017604617604617734,False,BONUS:15,resolved_by_action
SWMF,2024-08-08,2336,2024-08-07,1,1155.0,1014.0,-0.12207792207792212,0.0008759428571427641,0.0008759428571427641,False,BONUS:14.0051,resolved_by_action
TBBL,2016-10-17,537,2016-10-16,1,501.0,355.0,-0.2914171656686627,-0.036926147704590795,-0.033575317604355615,False,RIGHT:50,resolved_by_action
TDBL,2016-01-03,352,2015-12-31,1,270.0,229.0,-0.1518518518518519,-0.013192592592592645,-0.013231699615902093,False,BONUS:16;DIVIDEND:0.84,resolved_by_action
TMDBL,2020-06-29,1357,2020-03-19,4,180.0,161.0,-0.10555555555555551,0.001777777777777878,0.001777777777777878,False,BONUS:12,resolved_by_action
TNBL,2014-07-30,41,2014-07-28,1,380.0,318.0,-0.16315789473684206,-0.019736842105263164,-0.01851851851851849,False,RIGHT:25,resolved_by_action
TNBL,2014-11-02,95,2014-10-30,1,300.0,265.0,-0.1166666666666667,0.01833499999999999,0.018380983092703307,False,BONUS:15;DIVIDEND:0.79,resolved_by_action
TNBL,2015-09-22,290,2015-09-17,1,405.0,342.0,-0.15555555555555556,-0.0013506172839506947,-0.001353601892567946,False,BONUS:18;DIVIDEND:0.94,resolved_by_action
TNBL,2016-02-28,390,2016-02-25,1,370.0,322.0,-0.12972972972972974,0.020270270270270174,0.018987341772152,False,RIGHT:25,resolved_by_action
TNBL,2016-10-05,534,2016-10-04,1,663.0,535.0,-0.19306184012066363,0.010549773755656133,0.010569613701737257,False,BONUS:25;DIVIDEND:1.31,resolved_by_action
TNBL,2017-04-19,655,2017-04-18,1,480.0,405.0,-0.15625,0.06614583333333335,0.06165048543689444,False,RIGHT:35,resolved_by_action
TNBL,2018-12-10,1038,2018-12-09,1,176.0,155.0,-0.11931818181818177,-0.010235795454545338,-0.010270721744112699,False,BONUS:12;DIVIDEND:0.63,resolved_by_action
TPC,2025-05-19,2510,2025-05-18,1,594.11,381.7,-0.35752638400296244,0.11662823382875209,0.09982567604558357,False,RIGHT:100,resolved_by_action
TRH,2019-06-02,1157,2019-05-15,12,255.0,280.0,0.0980392156862746,0.14509588235294135,0.15226076648797715,False,DIVIDEND:12.631,adjustment_overshoot
TRH,2023-12-28,2190,2023-12-27,1,870.1,920.0,0.057349729916101655,0.11165383289277098,0.1130111091723367,False,BONUS:4;DIVIDEND:11,adjustment_overshoot
UFIL,2014-11-03,96,2014-10-22,6,165.0,146.0,-0.11515151515151512,-0.013393939393939402,-0.013393939393939291,False,BONUS:11.5,resolved_by_action
UFL,2014-12-04,117,2014-11-19,9,252.0,215.0,-0.14682539682539686,-0.015871031746031883,-0.015918439638686,False,BONUS:15;DIVIDEND:0.79,resolved_by_action
UFL,2015-11-30,329,2015-11-18,8,316.0,270.0,-0.14556962025316456,-0.015030063291139317,-0.01506584467223604,False,BONUS:15;DIVIDEND:0.79,resolved_by_action
UFL,2016-07-04,474,2016-07-03,1,438.0,377.0,-0.13926940639269403,0.018835616438356073,0.0178185745140389,False,RIGHT:25,resolved_by_action
UFL,2016-10-17,537,2016-09-22,12,517.0,454.0,-0.12185686653771766,0.055701160541585804,0.05580883813547377,False,BONUS:20;DIVIDEND:1.05,resolved_by_action
UFL,2017-12-31,813,2017-12-28,1,273.0,221.0,-0.19047619047619047,-0.036666666666666625,-0.036666666666666736,False,BONUS:19,resolved_by_action
UIC,2015-03-29,190,2015-03-26,1,937.0,440.0,-0.5304162219850588,0.01387406616862319,0.011959521619135272,False,RIGHT:150,resolved_by_action
UIC,2016-06-19,463,2016-06-16,1,1689.0,1386.0,-0.17939609236234455,-0.015275310834813483,-0.015275310834813483,False,BONUS:20,resolved_by_action
UIC,2019-07-30,1197,2019-07-29,1,777.0,329.0,-0.5765765765765766,0.13075933075933066,0.09990167158308938,False,RIGHT:240,resolved_by_action
ULBSL,2023-02-16,1993,2023-02-15,1,3737.0,2333.0,-0.37570243510837575,0.010627508696815724,0.010636296378129018,False,BONUS:61.75;DIVIDEND:3.25,resolved_by_action
UMB,2019-01-30,1075,2019-01-29,1,1920.0,1295.0,-0.32552083333333337,0.12359036458333317,0.12193431244866271,False,BONUS:40.5;DIVIDEND:2.13;RIGHT:20,action_mismatch
UNL,2014-09-04,63,2014-09-01,2,14630.0,15361.0,0.04996582365003421,0.10580997949419002,0.11206834141750521,False,DIVIDEND:860,adjustment_overshoot
UNLBP,2025-04-01,2480,2024-12-23,62,1383.0,1211.0,-0.1243673174258858,-0.1243673174258858,-0.1243673174258858,True,,halt_resumption
UPPER,2023-08-13,2110,2023-08-10,1,386.1,255.6,-0.3379953379953381,0.06500906500906489,0.05163546595350743,False,RIGHT:100,resolved_by_action
USLB,2021-03-31,1542,2021-03-30,1,2730.0,2386.0,-0.126007326007326,0.02965339120879129,0.02965339120879129,False,BONUS:17.8103,resolved_by_action
USLB,2021-12-29,1721,2021-12-28,1,1935.0,1463.0,-0.24392764857881133,-0.017105943152454728,-0.017105943152454728,False,BONUS:30,resolved_by_action
VLBS,2016-11-22,558,2016-11-21,1,1075.0,917.0,-0.14697674418604656,-0.01460465116279075,-0.014669469750058006,False,BONUS:15;DIVIDEND:5,resolved_by_action
VLBS,2019-12-29,1296,2019-12-26,1,717.0,615.0,-0.14225941422594146,-0.006973500697350032,-0.007020007020006602,False,BONUS:15;DIVIDEND:5,resolved_by_action
VLBS,2021-01-03,1483,2020-12-31,1,1271.0,1110.0,-0.12667191188040916,0.04000786782061372,0.04003779378764594,False,BONUS:19;DIVIDEND:1,resolved_by_action
VLBS,2021-12-27,1719,2021-12-26,1,1527.0,1270.0,-0.1683038637851998,-0.0010510805500982823,-0.0010517702275893992,False,BONUS:20.031;DIVIDEND:1.054,resolved_by_action
VLBS,2023-03-30,2018,2023-03-29,1,790.0,665.0,-0.15822784810126578,0.01139236708860758,0.011406805649931462,False,BONUS:20;DIVIDEND:1.0526,resolved_by_action
WDBL,2015-05-25,210,2015-04-23,2,330.0,248.0,-0.24848484848484853,-0.24848484848484853,-0.24848484848484853,False,,unresolved
WDBL,2015-05-26,211,2015-05-25,1,248.0,257.0,0.03629032258064524,0.2475820564516129,0.2485847652010842,False,BONUS:20;DIVIDEND:1.053,adjustment_overshoot
WDBL,2016-03-28,407,2016-03-27,1,478.0,399.0,-0.16527196652719667,0.0037604602510459273,0.0037683240653871852,False,BONUS:20;DIVIDEND:1.05,resolved_by_action
WDBL,2016-10-18,538,2016-10-17,1,611.0,370.0,-0.3944353518821604,-0.3944353518821604,-0.3944353518821604,False,,unresolved
WDBL,2017-01-25,602,2017-01-24,1,290.0,279.0,-0.037931034482758585,0.5793103448275863,0.4307692307692308,False,RIGHT:100,adjustment_overshoot
WDBL,2018-07-09,936,2017-04-06,289,318.0,251.0,-0.21069182389937102,0.025254748427672835,0.025403494676375482,False,BONUS:10;DIVIDEND:1.05;BONUS:17.41;DIVIDEND:0.91,resolved_by_action
WNLBP,2025-07-15,2549,2025-07-14,1,1403.0,100.0,-0.9287241625089094,-0.9287241625089094,-0.9287241625089094,True,,unresolved
WOMI,2016-01-03,352,2015-12-29,2,687.0,595.0,-0.13391557496360995,0.04082241630276551,0.040884606133055446,False,BONUS:20;DIVIDEND:1.1,resolved_by_action
WOMI,2016-08-07,496,2016-08-04,1,3300.0,2449.0,-0.25787878787878793,0.09803030303030313,0.09656716417910438,False,RIGHT:50,resolved_by_action
WOMI,2017-11-02,775,2017-11-01,1,1860.0,1540.0,-0.17204301075268813,-0.005914301075268913,-0.00591748060759123,False,BONUS:20;DIVIDEND:1.052,resolved_by_action
WOMI,2018-05-20,901,2018-05-17,1,1830.0,1470.0,-0.19672131147540983,0.02786885245901649,0.027419354838710275,False,RIGHT:30,resolved_by_action
WOMI,2020-01-05,1301,2019-03-07,202,1128.0,675.0,-0.401595744680851,0.10815602836879434,0.09934853420195444,False,RIGHT:100,resolved_by_action
WOMI,2020-03-15,1349,2020-03-12,1,1070.0,860.0,-0.19626168224299068,-0.11541728971962606,-0.1154716261343538,False,BONUS:10;DIVIDEND:0.53,action_mismatch
WOMI,2021-03-22,1536,2020-09-10,128,914.0,745.0,-0.1849015317286652,0.05962800875273522,0.05962800875273522,False,BONUS:30,resolved_by_action
