symbol,status,action_date,action_type,ratio_or_amount,fiscal_year,source,retrieved
ADLB,D,2023-02-28,BONUS,20.0000,2078/2079,sharesansar company-dividend/company-rightshare,2026-10-02
ADLB,D,2023-02-28,DIVIDEND,1.0500,2078/2079,sharesansar company-dividend/company-rightshare,2026-10-02
AIC,D,2012-02-02,BONUS,7.0000,2067/2068,sharesansar company-dividend/company-rightshare,2026-10-02
AIC,D,2013-02-20,BONUS,10.0000,2068/2069,sharesansar company-dividend/company-rightshare,2026-10-02
AIC,D,2014-04-04,BONUS,12.5000,2069/2070,sharesansar company-dividend/company-rightshare,2026-10-02
AIC,D,2014-04-04,DIVIDEND,0.6600,2069/2070,sharesansar company-dividend/company-rightshare,2026-10-02
AIC,D,2014-06-22,RIGHT,550.0000,2013/2014,sharesansar company-dividend/company-rightshare,2026-10-02
AIC,D,2014-12-18,BONUS,12.0000,2070/2071,sharesansar company-dividend/company-rightshare,2026-10-02
AIC,D,2014-12-18,DIVIDEND,0.6300,2070/2071,sharesansar company-dividend/company-rightshare,2026-10-02
AKBSL,D,2022-01-02,BONUS,19.0000,2077/2078,sharesansar company-dividend/company-rightshare,2026-10-02
AKBSL,D,2022-01-02,DIVIDEND,1.0000,2077/2078,sharesansar company-dividend/company-rightshare,2026-10-02
AKBSL,D,2023-01-17,BONUS,30.0000,2078/2079,sharesansar company-dividend/company-rightshare,2026-10-02
AKBSL,D,2023-01-17,DIVIDEND,1.5800,2078/2079,sharesansar company-dividend/company-rightshare,2026-10-02
ALDBL,D,2011-12-26,DIVIDEND,9.0000,2067/2068,sharesansar company-dividend/company-rightshare,2026-10-02
ALDBL,D,2013-01-03,DIVIDEND,11.0000,2068/2069,sharesansar company-dividend/company-rightshare,2026-10-02
ALDBL,D,2013-12-27,DIVIDEND,15.0000,2069/2070,sharesansar company-dividend/company-rightshare,2026-10-02
ALDBL,D,2014-12-28,BONUS,18.0000,2070/2071,sharesansar company-dividend/company-rightshare,2026-10-02
ALDBL,D,2014-12-28,DIVIDEND,0.9470,2070/2071,sharesansar company-dividend/company-rightshare,2026-10-02
ALDBL,D,2016-07-05,BONUS,23.0000,2071/2072,sharesansar company-dividend/company-rightshare,2026-10-02
ALDBL,D,2016-07-05,RIGHT,70.0000,2016/2017,sharesansar company-dividend/company-rightshare,2026-10-02
ALDBL,D,2016-12-28,BONUS,14.5000,2072/2073,sharesansar company-dividend/company-rightshare,2026-10-02
ALDBL,D,2017-06-04,RIGHT,70.0000,2016/2017,sharesansar company-dividend/company-rightshare,2026-10-02
AMFI,D,2019-12-15,BONUS,7.3800,2075/2076,sharesansar company-dividend/company-rightshare,2026-10-02
ARDBL,D,2011-12-30,DIVIDEND,14.0000,2067/2068,sharesansar company-dividend/company-rightshare,2026-10-02
ARDBL,D,2013-02-06,DIVIDEND,8.0000,2068/2069,sharesansar company-dividend/company-rightshare,2026-10-02
ARDBL,D,2013-12-31,BONUS,5.0000,2069/2070,sharesansar company-dividend/company-rightshare,2026-10-02
ARDBL,D,2013-12-31,DIVIDEND,10.0000,2069/2070,sharesansar company-dividend/company-rightshare,2026-10-02
ARDBL,D,2015-12-03,BONUS,10.0000,2071/2072,sharesansar company-dividend/company-rightshare,2026-10-02
ARDBL,D,2015-12-03,DIVIDEND,0.5300,2071/2072,sharesansar company-dividend/company-rightshare,2026-10-02
ARDBL,D,2016-10-14,RIGHT,36.0000,2016/2017,sharesansar company-dividend/company-rightshare,2026-10-02
ARDBL,D,2016-11-24,BONUS,17.0000,2072/2073,sharesansar company-dividend/company-rightshare,2026-10-02
ARDBL,D,2016-11-24,DIVIDEND,0.8900,2072/2073,sharesansar company-dividend/company-rightshare,2026-10-02
BGDBL,D,2013-09-20,DIVIDEND,7.3700,2069/2070,sharesansar company-dividend/company-rightshare,2026-10-02
BGDBL,D,2014-11-23,DIVIDEND,10.5300,2070/2071,sharesansar company-dividend/company-rightshare,2026-10-02
BGDBL,D,2015-12-31,BONUS,15.0000,2071/2072,sharesansar company-dividend/company-rightshare,2026-10-02
BGDBL,D,2015-12-31,DIVIDEND,0.7900,2071/2072,sharesansar company-dividend/company-rightshare,2026-10-02
BGDBL,D,2016-05-20,BONUS,14.0000,2072/2073,sharesansar company-dividend/company-rightshare,2026-10-02
BGDBL,D,2016-05-20,DIVIDEND,0.7400,2072/2073,sharesansar company-dividend/company-rightshare,2026-10-02
BHBL,D,2016-06-29,BONUS,20.0000,2071/2072,sharesansar company-dividend/company-rightshare,2026-10-02
BHBL,D,2016-06-29,DIVIDEND,1.0500,2071/2072,sharesansar company-dividend/company-rightshare,2026-10-02
BHBL,D,2016-12-25,BONUS,20.0000,2072/2073,sharesansar company-dividend/company-rightshare,2026-10-02
BHBL,D,2016-12-25,DIVIDEND,1.0500,2072/2073,sharesansar company-dividend/company-rightshare,2026-10-02
BHBL,D,2017-03-23,RIGHT,100.0000,2016/2017,sharesansar company-dividend/company-rightshare,2026-10-02
BHBL,D,2017-11-01,RIGHT,80.0000,2017/2018,sharesansar company-dividend/company-rightshare,2026-10-02
BHBL,D,2018-10-05,BONUS,5.5500,2073/2074,sharesansar company-dividend/company-rightshare,2026-10-02
BHBL,D,2018-10-05,DIVIDEND,0.2900,2073/2074,sharesansar company-dividend/company-rightshare,2026-10-02
BHBL,D,2019-04-05,DIVIDEND,6.0000,2074/2075,sharesansar company-dividend/company-rightshare,2026-10-02
BLDBL,D,2011-12-29,BONUS,5.0000,2067/2068,sharesansar company-dividend/company-rightshare,2026-10-02
BLDBL,D,2011-12-29,DIVIDEND,10.0000,2067/2068,sharesansar company-dividend/company-rightshare,2026-10-02
BLDBL,D,2012-12-13,BONUS,12.0000,2068/2069,sharesansar company-dividend/company-rightshare,2026-10-02
BLDBL,D,2014-12-26,BONUS,45.0000,2070/2071,sharesansar company-dividend/company-rightshare,2026-10-02
BLDBL,D,2014-12-26,DIVIDEND,2.3700,2070/2071,sharesansar company-dividend/company-rightshare,2026-10-02
BLDBL,D,2015-12-29,BONUS,25.0000,2071/2072,sharesansar company-dividend/company-rightshare,2026-10-02
BLDBL,D,2016-01-08,BONUS,18.5000,2072/2073,sharesansar company-dividend/company-rightshare,2026-10-02
BLDBL,D,2016-01-08,DIVIDEND,0.9700,2072/2073,sharesansar company-dividend/company-rightshare,2026-10-02
BOKL,D,2017-02-26,BONUS,23.0000,2072/2073,sharesansar company-dividend/company-rightshare,2026-10-02
BOKL,D,2018-06-22,BONUS,13.2500,2073/2074,sharesansar company-dividend/company-rightshare,2026-10-02
BOKL,D,2019-01-14,BONUS,14.0000,2074/2075,sharesansar company-dividend/company-rightshare,2026-10-02
BOKL,D,2019-01-14,DIVIDEND,11.0000,2074/2075,sharesansar company-dividend/company-rightshare,2026-10-02
BOKL,D,2019-10-03,BONUS,6.0000,2075/2076,sharesansar company-dividend/company-rightshare,2026-10-02
BOKL,D,2019-10-03,DIVIDEND,11.0000,2075/2076,sharesansar company-dividend/company-rightshare,2026-10-02
BOKL,D,2020-11-13,BONUS,13.0000,2076/2077,sharesansar company-dividend/company-rightshare,2026-10-02
BOKL,D,2020-11-13,DIVIDEND,3.0000,2076/2077,sharesansar company-dividend/company-rightshare,2026-10-02
BOKL,D,2021-11-26,BONUS,10.0000,2077/2078,sharesansar company-dividend/company-rightshare,2026-10-02
BOKL,D,2021-11-26,DIVIDEND,4.0000,2077/2078,sharesansar company-dividend/company-rightshare,2026-10-02
BOKL,D,2022-11-25,BONUS,6.0000,2078/2079,sharesansar company-dividend/company-rightshare,2026-10-02
BOKL,D,2022-11-25,DIVIDEND,14.9500,2078/2079,sharesansar company-dividend/company-rightshare,2026-10-02
BUDBL,D,2014-11-04,BONUS,11.0000,2070/2071,sharesansar company-dividend/company-rightshare,2026-10-02
BUDBL,D,2014-11-04,DIVIDEND,0.5800,2070/2071,sharesansar company-dividend/company-rightshare,2026-10-02
BUDBL,D,2015-12-06,BONUS,13.0000,2071/2072,sharesansar company-dividend/company-rightshare,2026-10-02
BUDBL,D,2015-12-06,DIVIDEND,0.6800,2071/2072,sharesansar company-dividend/company-rightshare,2026-10-02
CBL,D,2013-10-08,DIVIDEND,5.7500,2069/2070,sharesansar company-dividend/company-rightshare,2026-10-02
CBL,D,2015-01-06,BONUS,7.0000,2070/2071,sharesansar company-dividend/company-rightshare,2026-10-02
CBL,D,2015-01-06,DIVIDEND,1.5000,2070/2071,sharesansar company-dividend/company-rightshare,2026-10-02
CBL,D,2015-12-06,BONUS,6.7500,2071/2072,sharesansar company-dividend/company-rightshare,2026-10-02
CBL,D,2015-12-06,DIVIDEND,0.3500,2071/2072,sharesansar company-dividend/company-rightshare,2026-10-02
CBL,D,2017-05-04,BONUS,2.8800,2072/2073,sharesansar company-dividend/company-rightshare,2026-10-02
CBL,D,2017-05-04,DIVIDEND,0.1500,2072/2073,sharesansar company-dividend/company-rightshare,2026-10-02
CBL,D,2017-11-21,RIGHT,40.0000,2017/2018,sharesansar company-dividend/company-rightshare,2026-10-02
CBL,D,2019-04-23,BONUS,10.2500,2073/2074,sharesansar company-dividend/company-rightshare,2026-10-02
CBL,D,2019-04-23,DIVIDEND,4.0500,2074/2075,sharesansar company-dividend/company-rightshare,2026-10-02
CBL,D,2019-12-09,DIVIDEND,6.5700,2075/2076,sharesansar company-dividend/company-rightshare,2026-10-02
CBL,D,2021-02-05,BONUS,8.0000,2076/2077,sharesansar company-dividend/company-rightshare,2026-10-02
CBL,D,2021-02-05,DIVIDEND,0.4200,2076/2077,sharesansar company-dividend/company-rightshare,2026-10-02
CBL,D,2022-01-04,BONUS,5.0000,2077/2078,sharesansar company-dividend/company-rightshare,2026-10-02
CBL,D,2022-01-04,DIVIDEND,0.2600,2077/2078,sharesansar company-dividend/company-rightshare,2026-10-02
CBL,D,2023-01-03,BONUS,5.0000,2078/2079,sharesansar company-dividend/company-rightshare,2026-10-02
CBL,D,2023-01-03,DIVIDEND,0.2600,2078/2079,sharesansar company-dividend/company-rightshare,2026-10-02
CCBL,D,2015-02-11,BONUS,6.0000,2070/2071,sharesansar company-dividend/company-rightshare,2026-10-02
CCBL,D,2015-02-11,DIVIDEND,3.4700,2070/2071,sharesansar company-dividend/company-rightshare,2026-10-02
CCBL,D,2015-10-07,RIGHT,25.0000,2015/2016,sharesansar company-dividend/company-rightshare,2026-10-02
CCBL,D,2016-01-22,BONUS,9.0000,2071/2072,sharesansar company-dividend/company-rightshare,2026-10-02
CCBL,D,2016-01-22,DIVIDEND,0.4700,2071/2072,sharesansar company-dividend/company-rightshare,2026-10-02
CCBL,D,2016-08-02,RIGHT,30.0000,2016/2017,sharesansar company-dividend/company-rightshare,2026-10-02
CCBL,D,2017-03-31,BONUS,10.0000,2072/2073,sharesansar company-dividend/company-rightshare,2026-10-02
CCBL,D,2017-07-11,RIGHT,40.0000,2017/2018,sharesansar company-dividend/company-rightshare,2026-10-02
CCBL,D,2018-02-23,BONUS,5.0000,2073/2074,sharesansar company-dividend/company-rightshare,2026-10-02
CCBL,D,2018-02-23,DIVIDEND,5.0000,2073/2074,sharesansar company-dividend/company-rightshare,2026-10-02
CCBL,D,2019-04-12,BONUS,2.0000,2074/2075,sharesansar company-dividend/company-rightshare,2026-10-02
CCBL,D,2019-04-12,DIVIDEND,4.5000,2074/2075,sharesansar company-dividend/company-rightshare,2026-10-02
CCBL,D,2020-03-13,BONUS,2.0000,2075/2076,sharesansar company-dividend/company-rightshare,2026-10-02
CCBL,D,2020-03-13,DIVIDEND,4.7500,2075/2076,sharesansar company-dividend/company-rightshare,2026-10-02
CCBL,D,2020-12-31,BONUS,5.2500,2076/2077,sharesansar company-dividend/company-rightshare,2026-10-02
CCBL,D,2020-12-31,DIVIDEND,2.2500,2076/2077,sharesansar company-dividend/company-rightshare,2026-10-02
CCBL,D,2022-01-03,BONUS,5.7500,2077/2078,sharesansar company-dividend/company-rightshare,2026-10-02
CCBL,D,2022-01-03,DIVIDEND,0.3000,2077/2078,sharesansar company-dividend/company-rightshare,2026-10-02
CCBL,D,2022-12-19,BONUS,4.7500,2078/2079,sharesansar company-dividend/company-rightshare,2026-10-02
CCBL,D,2022-12-19,DIVIDEND,0.2500,2078/2079,sharesansar company-dividend/company-rightshare,2026-10-02
CDBL,D,2012-01-02,BONUS,10.0000,2067/2068,sharesansar company-dividend/company-rightshare,2026-10-02
CDBL,D,2012-01-02,DIVIDEND,6.5000,2067/2068,sharesansar company-dividend/company-rightshare,2026-10-02
CDBL,D,2012-10-19,BONUS,15.0000,2068/2069,sharesansar company-dividend/company-rightshare,2026-10-02
CDBL,D,2012-10-19,DIVIDEND,14.0000,2068/2069,sharesansar company-dividend/company-rightshare,2026-10-02
CDBL,D,2013-10-04,BONUS,21.3800,2069/2070,sharesansar company-dividend/company-rightshare,2026-10-02
CDBL,D,2013-10-04,DIVIDEND,1.1200,2069/2070,sharesansar company-dividend/company-rightshare,2026-10-02
CDBL,D,2014-10-09,RIGHT,30.0000,2014/2015,sharesansar company-dividend/company-rightshare,2026-10-02
CDBL,D,2014-12-18,BONUS,22.0000,2070/2071,sharesansar company-dividend/company-rightshare,2026-10-02
CDBL,D,2014-12-18,DIVIDEND,1.1500,2070/2071,sharesansar company-dividend/company-rightshare,2026-10-02
CDBL,D,2015-07-15,BONUS,19.2500,2071/2072,sharesansar company-dividend/company-rightshare,2026-10-02
CDBL,D,2015-07-15,DIVIDEND,1.0100,2071/2072,sharesansar company-dividend/company-rightshare,2026-10-02
CEFL,D,2018-08-06,RIGHT,167.0000,2018/2019,sharesansar company-dividend/company-rightshare,2026-10-02
CIVIC,D,2013-11-21,DIVIDEND,9.0000,2069/2070,sharesansar company-dividend/company-rightshare,2026-10-02
CIVIC,D,2014-07-21,RIGHT,25.0000,2014/2015,sharesansar company-dividend/company-rightshare,2026-10-02
CIVIC,D,2014-12-16,DIVIDEND,15.7900,2070/2071,sharesansar company-dividend/company-rightshare,2026-10-02
CSDBL,D,2015-11-18,BONUS,15.0000,2071/2072,sharesansar company-dividend/company-rightshare,2026-10-02
CSDBL,D,2015-11-18,DIVIDEND,0.7900,2071/2072,sharesansar company-dividend/company-rightshare,2026-10-02
CSDBL,D,2016-07-18,RIGHT,100.0000,2016/2017,sharesansar company-dividend/company-rightshare,2026-10-02
CSDBL,D,2016-12-30,BONUS,11.8000,2072/2073,sharesansar company-dividend/company-rightshare,2026-10-02
CSDBL,D,2016-12-30,DIVIDEND,1.2400,2072/2073,sharesansar company-dividend/company-rightshare,2026-10-02
DBBL,D,2016-02-17,BONUS,7.6900,2071/2072,sharesansar company-dividend/company-rightshare,2026-10-02
DBBL,D,2016-02-17,DIVIDEND,0.4000,2071/2072,sharesansar company-dividend/company-rightshare,2026-10-02
DBBL,D,2017-01-02,BONUS,14.0000,2072/2073,sharesansar company-dividend/company-rightshare,2026-10-02
DBBL,D,2017-01-02,RIGHT,50.0000,2016/2017,sharesansar company-dividend/company-rightshare,2026-10-02
DBBL,D,2017-11-09,BONUS,17.1000,2073/2074,sharesansar company-dividend/company-rightshare,2026-10-02
DBBL,D,2017-11-09,DIVIDEND,0.9000,2073/2074,sharesansar company-dividend/company-rightshare,2026-10-02
DBBL,D,2018-03-01,RIGHT,40.0000,2017/2018,sharesansar company-dividend/company-rightshare,2026-10-02
DBBL,D,2019-06-21,BONUS,5.5000,2074/2075,sharesansar company-dividend/company-rightshare,2026-10-02
DBBL,D,2020-05-18,BONUS,8.5500,2075/2076,sharesansar company-dividend/company-rightshare,2026-10-02
EFL,D,2012-01-02,DIVIDEND,20.0000,2067/2068,sharesansar company-dividend/company-rightshare,2026-10-02
EFL,D,2012-12-10,DIVIDEND,5.5000,2068/2069,sharesansar company-dividend/company-rightshare,2026-10-02
EFL,D,2013-09-23,BONUS,15.0000,2069/2070,sharesansar company-dividend/company-rightshare,2026-10-02
EFL,D,2014-10-06,DIVIDEND,10.0000,2070/2071,sharesansar company-dividend/company-rightshare,2026-10-02
EFL,D,2015-10-01,BONUS,14.0000,2071/2072,sharesansar company-dividend/company-rightshare,2026-10-02
EFL,D,2015-12-28,BONUS,14.5000,2072/2073,sharesansar company-dividend/company-rightshare,2026-10-02
EIC,D,2017-06-23,BONUS,20.0000,2072/2073,sharesansar company-dividend/company-rightshare,2026-10-02
EIC,D,2018-04-09,BONUS,10.0000,2073/2074,sharesansar company-dividend/company-rightshare,2026-10-02
EIC,D,2018-11-13,RIGHT,105.0000,2018/2019,sharesansar company-dividend/company-rightshare,2026-10-02
EIC,D,2019-04-22,RIGHT,300.0000,2018/2019,sharesansar company-dividend/company-rightshare,2026-10-02
EIC,D,2021-05-12,BONUS,8.0000,2076/2077,sharesansar company-dividend/company-rightshare,2026-10-02
EIC,D,2021-05-12,DIVIDEND,0.4200,2076/2077,sharesansar company-dividend/company-rightshare,2026-10-02
EIC,D,2022-04-25,BONUS,6.0000,2077/2078,sharesansar company-dividend/company-rightshare,2026-10-02
EIC,D,2022-04-25,DIVIDEND,0.3158,2077/2078,sharesansar company-dividend/company-rightshare,2026-10-02
FBBL,D,2016-03-29,BONUS,21.9000,2071/2072,sharesansar company-dividend/company-rightshare,2026-10-02
FBBL,D,2016-09-11,BONUS,20.6000,2072/2073,sharesansar company-dividend/company-rightshare,2026-10-02
FFCL,D,2011-12-29,BONUS,10.0000,2067/2068,sharesansar company-dividend/company-rightshare,2026-10-02
FFCL,D,2011-12-29,DIVIDEND,16.3200,2067/2068,sharesansar company-dividend/company-rightshare,2026-10-02
FFCL,D,2012-11-30,DIVIDEND,10.5300,2068/2069,sharesansar company-dividend/company-rightshare,2026-10-02
FFCL,D,2013-12-23,BONUS,10.0000,2069/2070,sharesansar company-dividend/company-rightshare,2026-10-02
FFCL,D,2013-12-23,DIVIDEND,11.0500,2069/2070,sharesansar company-dividend/company-rightshare,2026-10-02
FFCL,D,2014-11-01,BONUS,20.0000,2070/2071,sharesansar company-dividend/company-rightshare,2026-10-02
FFCL,D,2014-11-01,DIVIDEND,10.5000,2070/2071,sharesansar company-dividend/company-rightshare,2026-10-02
GDBL,D,2012-01-01,BONUS,10.0000,2067/2068,sharesansar company-dividend/company-rightshare,2026-10-02
GDBL,D,2012-01-01,DIVIDEND,10.0000,2067/2068,sharesansar company-dividend/company-rightshare,2026-10-02
GDBL,D,2012-12-19,BONUS,14.5000,2068/2069,sharesansar company-dividend/company-rightshare,2026-10-02
GDBL,D,2013-07-15,RIGHT,28.0000,2013/2014,sharesansar company-dividend/company-rightshare,2026-10-02
GDBL,D,2014-10-06,BONUS,10.0000,2070/2071,sharesansar company-dividend/company-rightshare,2026-10-02
GDBL,D,2014-10-06,DIVIDEND,10.0000,2070/2071,sharesansar company-dividend/company-rightshare,2026-10-02
GDBL,D,2015-11-04,BONUS,23.0000,2071/2072,sharesansar company-dividend/company-rightshare,2026-10-02
GDBL,D,2015-11-04,DIVIDEND,1.2100,2071/2072,sharesansar company-dividend/company-rightshare,2026-10-02
GDBL,D,2016-01-14,RIGHT,30.0000,2015/2016,sharesansar company-dividend/company-rightshare,2026-10-02
GDBL,D,2016-12-12,BONUS,19.7500,2072/2073,sharesansar company-dividend/company-rightshare,2026-10-02
GDBL,D,2016-12-12,DIVIDEND,1.0300,2072/2073,sharesansar company-dividend/company-rightshare,2026-10-02
GDBL,D,2017-12-01,RIGHT,25.0000,2017/2018,sharesansar company-dividend/company-rightshare,2026-10-02
GDBL,D,2018-05-22,BONUS,19.3106,2073/2074,sharesansar company-dividend/company-rightshare,2026-10-02
GDBL,D,2018-12-26,DIVIDEND,14.2000,2074/2075,sharesansar company-dividend/company-rightshare,2026-10-02
GDBL,D,2019-09-26,DIVIDEND,17.3200,2075/2076,sharesansar company-dividend/company-rightshare,2026-10-02
GLICL,D,2013-04-05,BONUS,6.5000,2068/2069,sharesansar company-dividend/company-rightshare,2026-10-02
GLICL,D,2013-10-20,RIGHT,30.4121,2013/2014,sharesansar company-dividend/company-rightshare,2026-10-02
GLICL,D,2016-01-28,BONUS,10.0000,2071/2072,sharesansar company-dividend/company-rightshare,2026-10-02
GLICL,D,2016-01-28,DIVIDEND,0.5200,2071/2072,sharesansar company-dividend/company-rightshare,2026-10-02
GLICL,D,2017-06-12,BONUS,8.0000,2072/2073,sharesansar company-dividend/company-rightshare,2026-10-02
GLICL,D,2017-06-12,DIVIDEND,0.4210,2072/2073,sharesansar company-dividend/company-rightshare,2026-10-02
GLICL,D,2019-03-20,BONUS,8.0000,2073/2074,sharesansar company-dividend/company-rightshare,2026-10-02
GLICL,D,2019-03-20,RIGHT,50.0000,2018/2019,sharesansar company-dividend/company-rightshare,2026-10-02
GLICL,D,2019-03-20,DIVIDEND,0.4210,2073/2074,sharesansar company-dividend/company-rightshare,2026-10-02
GLICL,D,2020-03-05,RIGHT,100.0000,2019/2020,sharesansar company-dividend/company-rightshare,2026-10-02
GLICL,D,2020-11-05,BONUS,5.2500,2074/2075,sharesansar company-dividend/company-rightshare,2026-10-02
GLICL,D,2021-11-09,BONUS,5.5004,2075/2076,sharesansar company-dividend/company-rightshare,2026-10-02
GLICL,D,2021-11-09,DIVIDEND,0.2895,2075/2076,sharesansar company-dividend/company-rightshare,2026-10-02
GLICL,D,2022-10-12,BONUS,7.4425,2076/2077,sharesansar company-dividend/company-rightshare,2026-10-02
GLICL,D,2022-10-12,DIVIDEND,0.3917,2076/2077,sharesansar company-dividend/company-rightshare,2026-10-02
GLICL,D,2023-04-06,BONUS,13.2712,2077/2078,sharesansar company-dividend/company-rightshare,2026-10-02
HAMRO,D,2014-10-26,BONUS,7.0000,2070/2071,sharesansar company-dividend/company-rightshare,2026-10-02
HAMRO,D,2014-10-26,DIVIDEND,20.0000,2070/2071,sharesansar company-dividend/company-rightshare,2026-10-02
HAMRO,D,2014-11-28,RIGHT,70.0000,2014/2015,sharesansar company-dividend/company-rightshare,2026-10-02
HAMRO,D,2015-12-03,BONUS,15.0000,2071/2072,sharesansar company-dividend/company-rightshare,2026-10-02
HAMRO,D,2015-12-03,DIVIDEND,0.7900,2071/2072,sharesansar company-dividend/company-rightshare,2026-10-02
HAMRO,D,2016-12-23,BONUS,25.0000,2072/2073,sharesansar company-dividend/company-rightshare,2026-10-02
HAMRO,D,2017-04-24,RIGHT,200.0000,2016/2017,sharesansar company-dividend/company-rightshare,2026-10-02
HAMRO,D,2018-05-03,BONUS,7.3000,2073/2074,sharesansar company-dividend/company-rightshare,2026-10-02
HAMRO,D,2018-05-03,DIVIDEND,0.3832,2073/2074,sharesansar company-dividend/company-rightshare,2026-10-02
HAMRO,D,2018-07-16,BONUS,2.4000,2074/2075,sharesansar company-dividend/company-rightshare,2026-10-02
HAMRO,D,2018-07-16,DIVIDEND,7.9145,2074/2075,sharesansar company-dividend/company-rightshare,2026-10-02
HGI,D,2014-01-01,RIGHT,148.0100,2013/2014,sharesansar company-dividend/company-rightshare,2026-10-02
HGI,D,2015-03-25,BONUS,7.0000,2070/2071,sharesansar company-dividend/company-rightshare,2026-10-02
HGI,D,2015-03-25,DIVIDEND,3.2500,2070/2071,sharesansar company-dividend/company-rightshare,2026-10-02
HGI,D,2016-06-09,BONUS,20.0000,2071/2072,sharesansar company-dividend/company-rightshare,2026-10-02
HGI,D,2016-06-09,DIVIDEND,1.0500,2071/2072,sharesansar company-dividend/company-rightshare,2026-10-02
HGI,D,2016-12-28,BONUS,20.0000,2072/2073,sharesansar company-dividend/company-rightshare,2026-10-02
HGI,D,2016-12-28,DIVIDEND,1.0500,2072/2073,sharesansar company-dividend/company-rightshare,2026-10-02
HGI,D,2017-06-30,RIGHT,170.0000,2016/2017,sharesansar company-dividend/company-rightshare,2026-10-02
HGI,D,2017-12-29,DIVIDEND,15.0000,2073/2074,sharesansar company-dividend/company-rightshare,2026-10-02
HGI,D,2020-06-26,BONUS,4.0000,2075/2076,sharesansar company-dividend/company-rightshare,2026-10-02
HGI,D,2020-06-26,DIVIDEND,3.7500,2075/2076,sharesansar company-dividend/company-rightshare,2026-10-02
HGI,D,2021-05-27,BONUS,3.0000,2076/2077,sharesansar company-dividend/company-rightshare,2026-10-02
HGI,D,2021-05-27,DIVIDEND,3.7500,2076/2077,sharesansar company-dividend/company-rightshare,2026-10-02
HGI,D,2022-02-28,BONUS,6.6500,2077/2078,sharesansar company-dividend/company-rightshare,2026-10-02
HGI,D,2022-02-28,DIVIDEND,0.3500,2077/2078,sharesansar company-dividend/company-rightshare,2026-10-02
INDB,D,2013-12-27,BONUS,5.0000,2069/2070,sharesansar company-dividend/company-rightshare,2026-10-02
INDB,D,2013-12-27,DIVIDEND,7.0000,2069/2070,sharesansar company-dividend/company-rightshare,2026-10-02
INDB,D,2014-07-30,RIGHT,25.0000,2014/2015,sharesansar company-dividend/company-rightshare,2026-10-02
INDB,D,2014-12-10,BONUS,17.8500,2070/2071,sharesansar company-dividend/company-rightshare,2026-10-02
INDB,D,2014-12-10,DIVIDEND,0.9500,2070/2071,sharesansar company-dividend/company-rightshare,2026-10-02
INDB,D,2016-01-10,RIGHT,66.6667,2015/2016,sharesansar company-dividend/company-rightshare,2026-10-02
INDB,D,2016-03-10,BONUS,27.0000,2071/2072,sharesansar company-dividend/company-rightshare,2026-10-02
INDB,D,2016-03-10,DIVIDEND,1.4200,2071/2072,sharesansar company-dividend/company-rightshare,2026-10-02
INDB,D,2016-06-26,BONUS,21.7500,2072/2073,sharesansar company-dividend/company-rightshare,2026-10-02
INDB,D,2016-06-26,DIVIDEND,1.1400,2072/2073,sharesansar company-dividend/company-rightshare,2026-10-02
JALPA,D,2023-06-06,BONUS,14.2500,2078/2079,sharesansar company-dividend/company-rightshare,2026-10-02
JALPA,D,2023-06-06,DIVIDEND,0.7500,2078/2079,sharesansar company-dividend/company-rightshare,2026-10-02
JBNL,D,2012-09-25,DIVIDEND,3.6800,2068/2069,sharesansar company-dividend/company-rightshare,2026-10-02
JBNL,D,2013-12-01,BONUS,3.0000,2069/2070,sharesansar company-dividend/company-rightshare,2026-10-02
JBNL,D,2013-12-01,DIVIDEND,5.5211,2069/2070,sharesansar company-dividend/company-rightshare,2026-10-02
JBNL,D,2016-12-26,RIGHT,50.0000,2016/2017,sharesansar company-dividend/company-rightshare,2026-10-02
JBNL,D,2017-01-22,BONUS,12.0000,2072/2073,sharesansar company-dividend/company-rightshare,2026-10-02
JBNL,D,2017-01-22,DIVIDEND,0.6300,2072/2073,sharesansar company-dividend/company-rightshare,2026-10-02
JBNL,D,2017-12-26,BONUS,14.4000,2073/2074,sharesansar company-dividend/company-rightshare,2026-10-02
JBNL,D,2018-12-31,DIVIDEND,8.5000,2074/2075,sharesansar company-dividend/company-rightshare,2026-10-02
JBNL,D,2019-10-31,BONUS,6.0000,2075/2076,sharesansar company-dividend/company-rightshare,2026-10-02
JBNL,D,2019-10-31,DIVIDEND,6.0000,2075/2076,sharesansar company-dividend/company-rightshare,2026-10-02
JEFL,D,2014-12-17,BONUS,10.0000,2070/2071,sharesansar company-dividend/company-rightshare,2026-10-02
JEFL,D,2014-12-17,DIVIDEND,4.7400,2070/2071,sharesansar company-dividend/company-rightshare,2026-10-02
JEFL,D,2015-12-29,BONUS,16.7500,2071/2072,sharesansar company-dividend/company-rightshare,2026-10-02
JEFL,D,2015-12-29,DIVIDEND,0.8800,2071/2072,sharesansar company-dividend/company-rightshare,2026-10-02
JEFL,D,2016-12-27,BONUS,12.5000,2072/2073,sharesansar company-dividend/company-rightshare,2026-10-02
JEFL,D,2016-12-27,DIVIDEND,0.6500,2072/2073,sharesansar company-dividend/company-rightshare,2026-10-02
JEFL,D,2017-08-30,RIGHT,100.0000,2017/2018,sharesansar company-dividend/company-rightshare,2026-10-02
JEFL,D,2018-06-06,RIGHT,40.0000,2017/2018,sharesansar company-dividend/company-rightshare,2026-10-02
JEFL,D,2019-04-18,BONUS,1.2400,2074/2075,sharesansar company-dividend/company-rightshare,2026-10-02
JHBL,D,2014-12-27,BONUS,16.9000,2070/2071,sharesansar company-dividend/company-rightshare,2026-10-02
JHBL,D,2014-12-27,DIVIDEND,0.8400,2070/2071,sharesansar company-dividend/company-rightshare,2026-10-02
JHBL,D,2016-03-10,RIGHT,10.0000,2015/2016,sharesansar company-dividend/company-rightshare,2026-10-02
KADBL,D,2013-12-27,BONUS,10.0000,2069/2070,sharesansar company-dividend/company-rightshare,2026-10-02
KADBL,D,2013-12-27,DIVIDEND,5.7800,2069/2070,sharesansar company-dividend/company-rightshare,2026-10-02
KADBL,D,2014-12-26,BONUS,20.0000,2070/2071,sharesansar company-dividend/company-rightshare,2026-10-02
KADBL,D,2014-12-26,DIVIDEND,1.0500,2070/2071,sharesansar company-dividend/company-rightshare,2026-10-02
KADBL,D,2015-12-11,BONUS,25.0000,2071/2072,sharesansar company-dividend/company-rightshare,2026-10-02
KADBL,D,2015-12-11,RIGHT,25.0000,2015/2016,sharesansar company-dividend/company-rightshare,2026-10-02
KADBL,D,2015-12-11,DIVIDEND,1.3100,2071/2072,sharesansar company-dividend/company-rightshare,2026-10-02
KADBL,D,2016-12-15,BONUS,25.0000,2072/2073,sharesansar company-dividend/company-rightshare,2026-10-02
KADBL,D,2016-12-15,RIGHT,50.0000,2016/2017,sharesansar company-dividend/company-rightshare,2026-10-02
KADBL,D,2016-12-15,DIVIDEND,1.3100,2072/2073,sharesansar company-dividend/company-rightshare,2026-10-02
KADBL,D,2017-06-15,RIGHT,30.0000,2016/2017,sharesansar company-dividend/company-rightshare,2026-10-02
KADBL,D,2018-01-05,BONUS,12.3300,2073/2074,sharesansar company-dividend/company-rightshare,2026-10-02
KADBL,D,2018-01-05,DIVIDEND,0.6400,2073/2074,sharesansar company-dividend/company-rightshare,2026-10-02
KADBL,D,2018-12-27,BONUS,5.0000,2074/2075,sharesansar company-dividend/company-rightshare,2026-10-02
KADBL,D,2018-12-27,DIVIDEND,6.2900,2074/2075,sharesansar company-dividend/company-rightshare,2026-10-02
KADBL,D,2019-12-31,BONUS,10.0000,2075/2076,sharesansar company-dividend/company-rightshare,2026-10-02
KADBL,D,2019-12-31,DIVIDEND,6.0000,2075/2076,sharesansar company-dividend/company-rightshare,2026-10-02
KAFIL,D,2011-11-08,BONUS,14.6900,2067/2068,sharesansar company-dividend/company-rightshare,2026-10-02
KAFIL,D,2012-11-04,DIVIDEND,10.5300,2068/2069,sharesansar company-dividend/company-rightshare,2026-10-02
KAFIL,D,2013-10-23,DIVIDEND,13.0000,2069/2070,sharesansar company-dividend/company-rightshare,2026-10-02
KAFIL,D,2014-09-30,BONUS,17.7900,2070/2071,sharesansar company-dividend/company-rightshare,2026-10-02
KAFIL,D,2015-08-03,BONUS,17.2600,2071/2072,sharesansar company-dividend/company-rightshare,2026-10-02
KAFIL,D,2015-08-03,DIVIDEND,0.9100,2071/2072,sharesansar company-dividend/company-rightshare,2026-10-02
KBBL,D,2011-12-07,DIVIDEND,11.0000,2067/2068,sharesansar company-dividend/company-rightshare,2026-10-02
KBBL,D,2012-10-31,DIVIDEND,12.0000,2068/2069,sharesansar company-dividend/company-rightshare,2026-10-02
KBBL,D,2013-09-27,BONUS,10.0000,2069/2070,sharesansar company-dividend/company-rightshare,2026-10-02
KBBL,D,2013-09-27,DIVIDEND,9.0000,2069/2070,sharesansar company-dividend/company-rightshare,2026-10-02
KBBL,D,2014-11-28,BONUS,15.0000,2070/2071,sharesansar company-dividend/company-rightshare,2026-10-02
KBBL,D,2014-11-28,DIVIDEND,10.0000,2070/2071,sharesansar company-dividend/company-rightshare,2026-10-02
KBBL,D,2015-10-02,BONUS,24.0000,2071/2072,sharesansar company-dividend/company-rightshare,2026-10-02
KBBL,D,2016-12-29,BONUS,25.0000,2072/2073,sharesansar company-dividend/company-rightshare,2026-10-02
KBBL,D,2016-12-29,RIGHT,20.0000,2016/2017,sharesansar company-dividend/company-rightshare,2026-10-02
KBBL,D,2017-11-17,BONUS,10.0000,2073/2074,sharesansar company-dividend/company-rightshare,2026-10-02
KBBL,D,2017-11-17,DIVIDEND,9.4500,2073/2074,sharesansar company-dividend/company-rightshare,2026-10-02
KBBL,D,2018-12-21,DIVIDEND,17.0000,2074/2075,sharesansar company-dividend/company-rightshare,2026-10-02
KBBL,D,2019-12-27,BONUS,16.0000,2075/2076,sharesansar company-dividend/company-rightshare,2026-10-02
KBBL,D,2019-12-27,DIVIDEND,2.7700,2075/2076,sharesansar company-dividend/company-rightshare,2026-10-02
KEBL,D,2013-12-20,BONUS,20.0000,2069/2070,sharesansar company-dividend/company-rightshare,2026-10-02
KEBL,D,2013-12-20,RIGHT,36.3636,2013/2014,sharesansar company-dividend/company-rightshare,2026-10-02
KEBL,D,2014-12-26,BONUS,20.0000,2070/2071,sharesansar company-dividend/company-rightshare,2026-10-02
KEBL,D,2015-04-08,RIGHT,50.0000,2014/2015,sharesansar company-dividend/company-rightshare,2026-10-02
KEBL,D,2016-05-27,BONUS,20.0000,2071/2072,sharesansar company-dividend/company-rightshare,2026-10-02
KEBL,D,2017-04-26,BONUS,20.0000,2072/2073,sharesansar company-dividend/company-rightshare,2026-10-02
KEBL,D,2017-08-03,RIGHT,50.0000,2017/2018,sharesansar company-dividend/company-rightshare,2026-10-02
KEBL,D,2018-12-28,BONUS,35.0000,2074/2075,sharesansar company-dividend/company-rightshare,2026-10-02
KLBSL,D,2022-06-03,BONUS,20.0000,2077/2078,sharesansar company-dividend/company-rightshare,2026-10-02
KLBSL,D,2023-04-03,BONUS,7.0000,2078/2079,sharesansar company-dividend/company-rightshare,2026-10-02
KLBSL,D,2023-04-03,DIVIDEND,0.3684,2078/2079,sharesansar company-dividend/company-rightshare,2026-10-02
KMFL,D,2016-12-02,BONUS,61.0000,2072/2073,sharesansar company-dividend/company-rightshare,2026-10-02
KMFL,D,2016-12-02,DIVIDEND,3.2100,2072/2073,sharesansar company-dividend/company-rightshare,2026-10-02
KMFL,D,2017-08-27,RIGHT,24.2000,2017/2018,sharesansar company-dividend/company-rightshare,2026-10-02
KMFL,D,2017-12-26,BONUS,20.1250,2073/2074,sharesansar company-dividend/company-rightshare,2026-10-02
KMFL,D,2018-10-30,RIGHT,50.0000,2018/2019,sharesansar company-dividend/company-rightshare,2026-10-02
KMFL,D,2018-12-15,BONUS,29.0000,2074/2075,sharesansar company-dividend/company-rightshare,2026-10-02
KMFL,D,2018-12-15,DIVIDEND,1.5300,2074/2075,sharesansar company-dividend/company-rightshare,2026-10-02
KMFL,D,2019-12-31,BONUS,23.9500,2075/2076,sharesansar company-dividend/company-rightshare,2026-10-02
KMFL,D,2019-12-31,DIVIDEND,1.1400,2075/2076,sharesansar company-dividend/company-rightshare,2026-10-02
KNBL,D,2012-06-11,RIGHT,150.0000,2011/2012,sharesansar company-dividend/company-rightshare,2026-10-02
KNBL,D,2013-03-26,BONUS,9.6400,2068/2069,sharesansar company-dividend/company-rightshare,2026-10-02
KNBL,D,2013-03-26,DIVIDEND,0.5000,2068/2069,sharesansar company-dividend/company-rightshare,2026-10-02
KNBL,D,2013-12-04,DIVIDEND,8.0000,2069/2070,sharesansar company-dividend/company-rightshare,2026-10-02
KNBL,D,2014-12-09,DIVIDEND,10.5200,2070/2071,sharesansar company-dividend/company-rightshare,2026-10-02
KNBL,D,2015-12-03,BONUS,25.0000,2071/2072,sharesansar company-dividend/company-rightshare,2026-10-02
KNBL,D,2015-12-03,DIVIDEND,1.3150,2071/2072,sharesansar company-dividend/company-rightshare,2026-10-02
KNBL,D,2016-11-25,BONUS,20.0000,2072/2073,sharesansar company-dividend/company-rightshare,2026-10-02
KNBL,D,2017-07-03,RIGHT,210.0000,2017/2018,sharesansar company-dividend/company-rightshare,2026-10-02
KNBL,D,2018-01-16,BONUS,6.1500,2073/2074,sharesansar company-dividend/company-rightshare,2026-10-02
KNBL,D,2018-01-16,DIVIDEND,0.3220,2073/2074,sharesansar company-dividend/company-rightshare,2026-10-02
KNBL,D,2018-11-14,BONUS,3.0000,2074/2075,sharesansar company-dividend/company-rightshare,2026-10-02
KNBL,D,2018-11-14,DIVIDEND,6.5000,2074/2075,sharesansar company-dividend/company-rightshare,2026-10-02
KRBL,S,2015-03-04,BONUS,25.0000,2070/2071,sharesansar company-dividend/company-rightshare,2026-10-02
KRBL,S,2016-02-17,BONUS,11.0000,2071/2072,sharesansar company-dividend/company-rightshare,2026-10-02
KRBL,S,2016-02-17,DIVIDEND,5.0000,2071/2072,sharesansar company-dividend/company-rightshare,2026-10-02
KRBL,S,2016-04-25,RIGHT,50.0000,2015/2016,sharesansar company-dividend/company-rightshare,2026-10-02
KRBL,S,2017-04-26,BONUS,8.0000,2072/2073,sharesansar company-dividend/company-rightshare,2026-10-02
KRBL,S,2017-04-26,DIVIDEND,5.0000,2072/2073,sharesansar company-dividend/company-rightshare,2026-10-02
KRBL,S,2018-01-04,RIGHT,225.0000,2017/2018,sharesansar company-dividend/company-rightshare,2026-10-02
LBL,D,2011-12-18,BONUS,5.0000,2067/2068,sharesansar company-dividend/company-rightshare,2026-10-02
LBL,D,2011-12-18,DIVIDEND,10.7900,2067/2068,sharesansar company-dividend/company-rightshare,2026-10-02
LBL,D,2012-12-28,DIVIDEND,10.0000,2068/2069,sharesansar company-dividend/company-rightshare,2026-10-02
LBL,D,2014-03-13,BONUS,15.0000,2069/2070,sharesansar company-dividend/company-rightshare,2026-10-02
LBL,D,2014-10-27,BONUS,20.0000,2070/2071,sharesansar company-dividend/company-rightshare,2026-10-02
LBL,D,2014-10-27,DIVIDEND,1.0500,2070/2071,sharesansar company-dividend/company-rightshare,2026-10-02
LBL,D,2015-06-03,RIGHT,30.0000,2014/2015,sharesansar company-dividend/company-rightshare,2026-10-02
LBL,D,2017-03-31,RIGHT,100.0000,2016/2017,sharesansar company-dividend/company-rightshare,2026-10-02
LBL,D,2017-06-16,BONUS,18.2900,2072/2073,sharesansar company-dividend/company-rightshare,2026-10-02
LBL,D,2017-11-27,BONUS,10.0000,2073/2074,sharesansar company-dividend/company-rightshare,2026-10-02
LBL,D,2017-11-27,DIVIDEND,0.5300,2073/2074,sharesansar company-dividend/company-rightshare,2026-10-02
LBL,D,2019-01-28,BONUS,8.5000,2074/2075,sharesansar company-dividend/company-rightshare,2026-10-02
LBL,D,2019-01-28,DIVIDEND,0.4500,2074/2075,sharesansar company-dividend/company-rightshare,2026-10-02
LBL,D,2019-12-09,BONUS,10.0000,2075/2076,sharesansar company-dividend/company-rightshare,2026-10-02
LBL,D,2019-12-09,DIVIDEND,5.0000,2075/2076,sharesansar company-dividend/company-rightshare,2026-10-02
LBL,D,2021-01-01,BONUS,9.0000,2076/2077,sharesansar company-dividend/company-rightshare,2026-10-02
LBL,D,2021-01-01,DIVIDEND,2.5000,2076/2077,sharesansar company-dividend/company-rightshare,2026-10-02
LBL,D,2021-12-10,BONUS,8.0000,2077/2078,sharesansar company-dividend/company-rightshare,2026-10-02
LBL,D,2021-12-10,DIVIDEND,3.5000,2077/2078,sharesansar company-dividend/company-rightshare,2026-10-02
LFLC,D,2012-12-12,BONUS,10.0000,2068/2069,sharesansar company-dividend/company-rightshare,2026-10-02
LFLC,D,2012-12-12,DIVIDEND,16.3200,2068/2069,sharesansar company-dividend/company-rightshare,2026-10-02
LFLC,D,2014-04-18,BONUS,15.0000,2069/2070,sharesansar company-dividend/company-rightshare,2026-10-02
LFLC,D,2014-04-18,DIVIDEND,0.7800,2069/2070,sharesansar company-dividend/company-rightshare,2026-10-02
LFLC,D,2016-03-14,BONUS,21.6100,2071/2072,sharesansar company-dividend/company-rightshare,2026-10-02
LFLC,D,2016-03-14,DIVIDEND,1.1400,2071/2072,sharesansar company-dividend/company-rightshare,2026-10-02
LFLC,D,2017-01-03,BONUS,35.0000,2072/2073,sharesansar company-dividend/company-rightshare,2026-10-02
LFLC,D,2017-01-03,DIVIDEND,1.8400,2072/2073,sharesansar company-dividend/company-rightshare,2026-10-02
LGIL,D,2012-02-16,BONUS,9.5700,2068/2069,sharesansar company-dividend/company-rightshare,2026-10-02
LGIL,D,2012-06-01,BONUS,13.1600,2067/2068,sharesansar company-dividend/company-rightshare,2026-10-02
LGIL,D,2014-01-16,RIGHT,62.9600,2013/2014,sharesansar company-dividend/company-rightshare,2026-10-02
LGIL,D,2014-03-27,BONUS,10.5200,2069/2070,sharesansar company-dividend/company-rightshare,2026-10-02
LGIL,D,2015-02-23,BONUS,10.5300,2070/2071,sharesansar company-dividend/company-rightshare,2026-10-02
LGIL,D,2016-02-12,BONUS,13.0600,2071/2072,sharesansar company-dividend/company-rightshare,2026-10-02
LGIL,D,2016-11-30,BONUS,18.1800,2072/2073,sharesansar company-dividend/company-rightshare,2026-10-02
LGIL,D,2016-11-30,DIVIDEND,0.9600,2072/2073,sharesansar company-dividend/company-rightshare,2026-10-02
LGIL,D,2017-06-27,RIGHT,100.0000,2016/2017,sharesansar company-dividend/company-rightshare,2026-10-02
LGIL,D,2017-12-15,BONUS,12.8200,2073/2074,sharesansar company-dividend/company-rightshare,2026-10-02
LGIL,D,2017-12-15,DIVIDEND,0.6700,2073/2074,sharesansar company-dividend/company-rightshare,2026-10-02
LGIL,D,2019-10-14,RIGHT,20.0000,2019/2020,sharesansar company-dividend/company-rightshare,2026-10-02
LGIL,D,2020-06-22,BONUS,8.1250,2075/2076,sharesansar company-dividend/company-rightshare,2026-10-02
LGIL,D,2020-06-22,DIVIDEND,0.4060,2075/2076,sharesansar company-dividend/company-rightshare,2026-10-02
LGIL,D,2021-05-28,BONUS,5.0000,2076/2077,sharesansar company-dividend/company-rightshare,2026-10-02
LGIL,D,2021-05-28,DIVIDEND,5.0000,2076/2077,sharesansar company-dividend/company-rightshare,2026-10-02
LGIL,D,2022-06-29,BONUS,9.5000,2077/2078,sharesansar company-dividend/company-rightshare,2026-10-02
LGIL,D,2022-06-29,DIVIDEND,0.5000,2077/2078,sharesansar company-dividend/company-rightshare,2026-10-02
LGIL,D,2023-02-10,BONUS,6.9900,2078/2079,sharesansar company-dividend/company-rightshare,2026-10-02
LGIL,D,2023-02-10,DIVIDEND,0.3679,2078/2079,sharesansar company-dividend/company-rightshare,2026-10-02
MBBL,D,2011-12-06,DIVIDEND,11.4700,2067/2068,sharesansar company-dividend/company-rightshare,2026-10-02
MBBL,D,2012-11-20,DIVIDEND,12.0000,2068/2069,sharesansar company-dividend/company-rightshare,2026-10-02
MBBL,D,2013-12-13,BONUS,18.9400,2069/2070,sharesansar company-dividend/company-rightshare,2026-10-02
MBBL,D,2014-04-04,RIGHT,200.0000,2013/2014,sharesansar company-dividend/company-rightshare,2026-10-02
MBBL,D,2015-12-16,BONUS,17.0000,2071/2072,sharesansar company-dividend/company-rightshare,2026-10-02
MBBL,D,2016-08-14,BONUS,9.2500,2072/2073,sharesansar company-dividend/company-rightshare,2026-10-02
MBBL,D,2016-08-14,DIVIDEND,0.4900,2072/2073,sharesansar company-dividend/company-rightshare,2026-10-02
MDBL,D,2012-04-17,DIVIDEND,15.0000,2067/2068,sharesansar company-dividend/company-rightshare,2026-10-02
MDBL,D,2013-05-03,BONUS,5.0000,2068/2069,sharesansar company-dividend/company-rightshare,2026-10-02
MDBL,D,2013-05-03,DIVIDEND,0.2600,2068/2069,sharesansar company-dividend/company-rightshare,2026-10-02
MDBL,D,2013-12-31,BONUS,10.0000,2069/2070,sharesansar company-dividend/company-rightshare,2026-10-02
MDBL,D,2013-12-31,DIVIDEND,5.7900,2069/2070,sharesansar company-dividend/company-rightshare,2026-10-02
MDBL,D,2015-03-29,BONUS,5.0000,2070/2071,sharesansar company-dividend/company-rightshare,2026-10-02
MDBL,D,2016-03-15,BONUS,29.1400,2071/2072,sharesansar company-dividend/company-rightshare,2026-10-02
MDBL,D,2016-03-15,DIVIDEND,1.5400,2071/2072,sharesansar company-dividend/company-rightshare,2026-10-02
MEGA,D,2013-12-30,DIVIDEND,9.0000,2069/2070,sharesansar company-dividend/company-rightshare,2026-10-02
MEGA,D,2014-12-31,BONUS,12.0000,2070/2071,sharesansar company-dividend/company-rightshare,2026-10-02
MEGA,D,2014-12-31,DIVIDEND,0.6300,2070/2071,sharesansar company-dividend/company-rightshare,2026-10-02
MEGA,D,2015-12-29,BONUS,10.0000,2071/2072,sharesansar company-dividend/company-rightshare,2026-10-02
MEGA,D,2015-12-29,DIVIDEND,0.5300,2071/2072,sharesansar company-dividend/company-rightshare,2026-10-02
MEGA,D,2016-07-25,RIGHT,25.0000,2016/2017,sharesansar company-dividend/company-rightshare,2026-10-02
MEGA,D,2017-01-19,RIGHT,65.0000,2016/2017,sharesansar company-dividend/company-rightshare,2026-10-02
MEGA,D,2017-02-28,BONUS,13.2500,2072/2073,sharesansar company-dividend/company-rightshare,2026-10-02
MEGA,D,2017-02-28,DIVIDEND,0.7000,2072/2073,sharesansar company-dividend/company-rightshare,2026-10-02
MEGA,D,2018-06-28,BONUS,10.7539,2073/2074,sharesansar company-dividend/company-rightshare,2026-10-02
MEGA,D,2018-12-31,BONUS,1.0000,2074/2075,sharesansar company-dividend/company-rightshare,2026-10-02
MEGA,D,2018-12-31,DIVIDEND,6.8500,2074/2075,sharesansar company-dividend/company-rightshare,2026-10-02
MEGA,D,2019-10-31,DIVIDEND,11.7500,2075/2076,sharesansar company-dividend/company-rightshare,2026-10-02
MEGA,D,2021-01-01,BONUS,10.0000,2076/2077,sharesansar company-dividend/company-rightshare,2026-10-02
MEGA,D,2021-01-01,DIVIDEND,3.0500,2076/2077,sharesansar company-dividend/company-rightshare,2026-10-02
MEGA,D,2021-11-30,BONUS,10.0000,2077/2078,sharesansar company-dividend/company-rightshare,2026-10-02
MEGA,D,2021-11-30,DIVIDEND,2.0700,2077/2078,sharesansar company-dividend/company-rightshare,2026-10-02
MEGA,D,2022-12-09,BONUS,4.0000,2078/2079,sharesansar company-dividend/company-rightshare,2026-10-02
MEGA,D,2022-12-09,DIVIDEND,3.7900,2078/2079,sharesansar company-dividend/company-rightshare,2026-10-02
METRO,D,2012-11-12,BONUS,6.0000,2068/2069,sharesansar company-dividend/company-rightshare,2026-10-02
METRO,D,2012-11-12,DIVIDEND,10.0000,2068/2069,sharesansar company-dividend/company-rightshare,2026-10-02
METRO,D,2013-12-05,BONUS,16.0000,2069/2070,sharesansar company-dividend/company-rightshare,2026-10-02
METRO,D,2013-12-05,DIVIDEND,0.8400,2069/2070,sharesansar company-dividend/company-rightshare,2026-10-02
METRO,D,2014-04-01,RIGHT,35.0000,2013/2014,sharesansar company-dividend/company-rightshare,2026-10-02
METRO,D,2014-10-31,BONUS,16.0000,2070/2071,sharesansar company-dividend/company-rightshare,2026-10-02
METRO,D,2014-10-31,DIVIDEND,0.8400,2070/2071,sharesansar company-dividend/company-rightshare,2026-10-02
METRO,D,2015-07-07,RIGHT,15.0000,2015/2016,sharesansar company-dividend/company-rightshare,2026-10-02
METRO,D,2015-11-10,BONUS,16.0000,2071/2072,sharesansar company-dividend/company-rightshare,2026-10-02
METRO,D,2015-11-10,DIVIDEND,1.0000,2071/2072,sharesansar company-dividend/company-rightshare,2026-10-02
MIDBL,D,2014-12-28,BONUS,15.0000,2070/2071,sharesansar company-dividend/company-rightshare,2026-10-02
MIDBL,D,2015-09-29,RIGHT,50.0000,2015/2016,sharesansar company-dividend/company-rightshare,2026-10-02
MIDBL,D,2016-02-28,BONUS,13.0000,2071/2072,sharesansar company-dividend/company-rightshare,2026-10-02
MIDBL,D,2017-03-06,RIGHT,100.0000,2016/2017,sharesansar company-dividend/company-rightshare,2026-10-02
MIDBL,D,2017-06-29,BONUS,22.0000,2072/2073,sharesansar company-dividend/company-rightshare,2026-10-02
MIDBL,D,2017-06-29,DIVIDEND,0.1600,2072/2073,sharesansar company-dividend/company-rightshare,2026-10-02
MIDBL,D,2017-12-31,BONUS,20.0000,2073/2074,sharesansar company-dividend/company-rightshare,2026-10-02
MIDBL,D,2017-12-31,DIVIDEND,1.0500,2073/2074,sharesansar company-dividend/company-rightshare,2026-10-02
MIDBL,D,2018-12-26,BONUS,11.0000,2074/2075,sharesansar company-dividend/company-rightshare,2026-10-02
MIDBL,D,2018-12-26,DIVIDEND,0.5700,2074/2075,sharesansar company-dividend/company-rightshare,2026-10-02
MKLB,D,2021-12-19,BONUS,17.0000,2077/2078,sharesansar company-dividend/company-rightshare,2026-10-02
MKLB,D,2023-03-15,BONUS,4.7500,2078/2079,sharesansar company-dividend/company-rightshare,2026-10-02
MKLB,D,2023-03-15,DIVIDEND,0.2500,2078/2079,sharesansar company-dividend/company-rightshare,2026-10-02
MMDBL,D,2015-12-10,BONUS,30.0000,2071/2072,sharesansar company-dividend/company-rightshare,2026-10-02
MMDBL,D,2016-08-05,RIGHT,150.0000,2016/2017,sharesansar company-dividend/company-rightshare,2026-10-02
MMDBL,D,2017-02-23,BONUS,16.0000,2072/2073,sharesansar company-dividend/company-rightshare,2026-10-02
MMDBL,D,2017-11-03,RIGHT,50.0000,2017/2018,sharesansar company-dividend/company-rightshare,2026-10-02
MMFDB,D,2016-12-12,BONUS,50.0000,2072/2073,sharesansar company-dividend/company-rightshare,2026-10-02
MMFDB,D,2016-12-12,DIVIDEND,2.6300,2072/2073,sharesansar company-dividend/company-rightshare,2026-10-02
MMFDB,D,2017-05-31,RIGHT,50.0000,2016/2017,sharesansar company-dividend/company-rightshare,2026-10-02
MMFDB,D,2018-05-16,BONUS,30.8000,2073/2074,sharesansar company-dividend/company-rightshare,2026-10-02
MMFDB,D,2018-06-01,RIGHT,100.0000,2017/2018,sharesansar company-dividend/company-rightshare,2026-10-02
MMFDB,D,2018-12-25,BONUS,24.0000,2074/2075,sharesansar company-dividend/company-rightshare,2026-10-02
MMFDB,D,2018-12-25,DIVIDEND,1.2600,2074/2075,sharesansar company-dividend/company-rightshare,2026-10-02
MMFDB,D,2020-01-04,BONUS,45.0000,2075/2076,sharesansar company-dividend/company-rightshare,2026-10-02
MMFDB,D,2020-01-04,DIVIDEND,2.3600,2075/2076,sharesansar company-dividend/company-rightshare,2026-10-02
MMFDB,D,2021-03-21,BONUS,9.2000,2076/2077,sharesansar company-dividend/company-rightshare,2026-10-02
MMFDB,D,2021-03-21,DIVIDEND,0.4829,2076/2077,sharesansar company-dividend/company-rightshare,2026-10-02
MMFDB,D,2022-01-03,BONUS,20.0000,2077/2078,sharesansar company-dividend/company-rightshare,2026-10-02
MMFDB,D,2023-01-04,BONUS,23.0000,2078/2079,sharesansar company-dividend/company-rightshare,2026-10-02
MSBBL,D,2014-10-16,BONUS,10.2600,2070/2071,sharesansar company-dividend/company-rightshare,2026-10-02
MSBBL,D,2015-01-02,RIGHT,25.0000,2014/2015,sharesansar company-dividend/company-rightshare,2026-10-02
MSBBL,D,2016-01-19,BONUS,13.5000,2071/2072,sharesansar company-dividend/company-rightshare,2026-10-02
MSBBL,D,2016-01-19,DIVIDEND,0.7100,2071/2072,sharesansar company-dividend/company-rightshare,2026-10-02
MSBBL,D,2016-07-21,RIGHT,50.0000,2016/2017,sharesansar company-dividend/company-rightshare,2026-10-02
MSBBL,D,2016-10-07,BONUS,18.0000,2072/2073,sharesansar company-dividend/company-rightshare,2026-10-02
MSBBL,D,2016-10-07,DIVIDEND,0.9500,2072/2073,sharesansar company-dividend/company-rightshare,2026-10-02
MSMBS,D,2016-12-14,BONUS,10.0000,2072/2073,sharesansar company-dividend/company-rightshare,2026-10-02
MSMBS,D,2016-12-14,DIVIDEND,0.5200,2072/2073,sharesansar company-dividend/company-rightshare,2026-10-02
MSMBS,D,2017-12-25,DIVIDEND,5.0000,2073/2074,sharesansar company-dividend/company-rightshare,2026-10-02
MSMBS,D,2019-01-01,DIVIDEND,8.0000,2074/2075,sharesansar company-dividend/company-rightshare,2026-10-02
MSMBS,D,2020-03-17,BONUS,10.0000,2075/2076,sharesansar company-dividend/company-rightshare,2026-10-02
MSMBS,D,2020-03-17,DIVIDEND,7.5000,2075/2076,sharesansar company-dividend/company-rightshare,2026-10-02
MSMBS,D,2021-03-14,BONUS,10.0000,2076/2077,sharesansar company-dividend/company-rightshare,2026-10-02
MSMBS,D,2021-03-14,DIVIDEND,0.5300,2076/2077,sharesansar company-dividend/company-rightshare,2026-10-02
MTBL,D,2015-02-23,BONUS,10.0000,2070/2071,sharesansar company-dividend/company-rightshare,2026-10-02
MTBL,D,2015-02-23,DIVIDEND,5.0000,2070/2071,sharesansar company-dividend/company-rightshare,2026-10-02
MTBL,D,2015-12-04,BONUS,15.0000,2071/2072,sharesansar company-dividend/company-rightshare,2026-10-02
MTBL,D,2015-12-04,DIVIDEND,0.7800,2071/2072,sharesansar company-dividend/company-rightshare,2026-10-02
NBB,D,2014-06-29,BONUS,10.0000,2069/2070,sharesansar company-dividend/company-rightshare,2026-10-02
NBB,D,2014-06-29,DIVIDEND,7.8900,2069/2070,sharesansar company-dividend/company-rightshare,2026-10-02
NBB,D,2014-12-01,BONUS,10.0000,2070/2071,sharesansar company-dividend/company-rightshare,2026-10-02
NBB,D,2014-12-01,DIVIDEND,12.0000,2070/2071,sharesansar company-dividend/company-rightshare,2026-10-02
NBB,D,2015-11-06,BONUS,25.0000,2071/2072,sharesansar company-dividend/company-rightshare,2026-10-02
NBB,D,2015-11-06,DIVIDEND,1.3200,2071/2072,sharesansar company-dividend/company-rightshare,2026-10-02
NBB,D,2016-10-05,BONUS,32.0000,2072/2073,sharesansar company-dividend/company-rightshare,2026-10-02
NBB,D,2016-10-05,DIVIDEND,1.6800,2072/2073,sharesansar company-dividend/company-rightshare,2026-10-02
NBB,D,2017-03-30,RIGHT,80.0000,2016/2017,sharesansar company-dividend/company-rightshare,2026-10-02
NBB,D,2017-10-30,BONUS,12.0000,2073/2074,sharesansar company-dividend/company-rightshare,2026-10-02
NBB,D,2017-10-30,DIVIDEND,3.7900,2073/2074,sharesansar company-dividend/company-rightshare,2026-10-02
NBB,D,2018-12-30,DIVIDEND,10.5300,2074/2075,sharesansar company-dividend/company-rightshare,2026-10-02
NBB,D,2019-12-11,BONUS,5.0000,2075/2076,sharesansar company-dividend/company-rightshare,2026-10-02
NBB,D,2019-12-11,DIVIDEND,7.0000,2075/2076,sharesansar company-dividend/company-rightshare,2026-10-02
NBB,D,2020-12-25,BONUS,6.0000,2076/2077,sharesansar company-dividend/company-rightshare,2026-10-02
NBB,D,2020-12-25,DIVIDEND,2.4200,2076/2077,sharesansar company-dividend/company-rightshare,2026-10-02
NBB,D,2021-11-01,BONUS,12.0000,2077/2078,sharesansar company-dividend/company-rightshare,2026-10-02
NBB,D,2021-11-01,DIVIDEND,3.5000,2077/2078,sharesansar company-dividend/company-rightshare,2026-10-02
NBBL,D,2014-12-31,BONUS,39.8600,2070/2071,sharesansar company-dividend/company-rightshare,2026-10-02
NBBL,D,2014-12-31,DIVIDEND,20.0000,2070/2071,sharesansar company-dividend/company-rightshare,2026-10-02
NBBL,D,2015-09-15,RIGHT,25.0000,2015/2016,sharesansar company-dividend/company-rightshare,2026-10-02
NBBL,D,2016-12-28,BONUS,60.0000,2072/2073,sharesansar company-dividend/company-rightshare,2026-10-02
NBBL,D,2016-12-28,DIVIDEND,20.0000,2072/2073,sharesansar company-dividend/company-rightshare,2026-10-02
NBBL,D,2017-01-23,RIGHT,50.0000,2016/2017,sharesansar company-dividend/company-rightshare,2026-10-02
NBBL,D,2017-11-29,BONUS,45.6000,2073/2074,sharesansar company-dividend/company-rightshare,2026-10-02
NBBL,D,2017-11-29,DIVIDEND,2.4000,2073/2074,sharesansar company-dividend/company-rightshare,2026-10-02
NBBL,D,2018-07-05,RIGHT,100.0000,2018/2019,sharesansar company-dividend/company-rightshare,2026-10-02
NBBL,D,2019-03-13,BONUS,9.3800,2074/2075,sharesansar company-dividend/company-rightshare,2026-10-02
NBBL,D,2019-03-13,DIVIDEND,0.4900,2074/2075,sharesansar company-dividend/company-rightshare,2026-10-02
NBBL,D,2020-01-27,BONUS,26.0000,2075/2076,sharesansar company-dividend/company-rightshare,2026-10-02
NBBL,D,2020-01-27,DIVIDEND,1.3680,2075/2076,sharesansar company-dividend/company-rightshare,2026-10-02
NBSL,D,2015-12-27,BONUS,20.0000,2071/2072,sharesansar company-dividend/company-rightshare,2026-10-02
NBSL,D,2015-12-27,DIVIDEND,1.0000,2071/2072,sharesansar company-dividend/company-rightshare,2026-10-02
NBSL,D,2016-12-09,BONUS,24.0000,2072/2073,sharesansar company-dividend/company-rightshare,2026-10-02
NBSL,D,2016-12-09,RIGHT,100.0000,2016/2017,sharesansar company-dividend/company-rightshare,2026-10-02
NBSL,D,2016-12-09,DIVIDEND,1.2600,2072/2073,sharesansar company-dividend/company-rightshare,2026-10-02
NCCB,D,2013-03-17,BONUS,5.0000,2068/2069,sharesansar company-dividend/company-rightshare,2026-10-02
NCCB,D,2013-03-17,DIVIDEND,0.2600,2068/2069,sharesansar company-dividend/company-rightshare,2026-10-02
NCCB,D,2015-07-01,BONUS,38.0000,2070/2071,sharesansar company-dividend/company-rightshare,2026-10-02
NCCB,D,2015-07-01,DIVIDEND,2.0000,2070/2071,sharesansar company-dividend/company-rightshare,2026-10-02
NCCB,D,2015-11-29,BONUS,16.0000,2071/2072,sharesansar company-dividend/company-rightshare,2026-10-02
NCCB,D,2018-07-31,RIGHT,50.0000,2018/2019,sharesansar company-dividend/company-rightshare,2026-10-02
NCCB,D,2019-08-11,BONUS,15.8900,2074/2075,sharesansar company-dividend/company-rightshare,2026-10-02
NCCB,D,2019-08-11,DIVIDEND,0.8300,2074/2075,sharesansar company-dividend/company-rightshare,2026-10-02
NCCB,D,2020-01-21,BONUS,15.0000,2075/2076,sharesansar company-dividend/company-rightshare,2026-10-02
NCCB,D,2020-01-21,DIVIDEND,0.7800,2075/2076,sharesansar company-dividend/company-rightshare,2026-10-02
NCCB,D,2021-01-05,BONUS,10.2695,2076/2077,sharesansar company-dividend/company-rightshare,2026-10-02
NCCB,D,2021-01-05,DIVIDEND,0.5405,2076/2077,sharesansar company-dividend/company-rightshare,2026-10-02
NCCB,D,2021-12-27,BONUS,8.0000,2077/2078,sharesansar company-dividend/company-rightshare,2026-10-02
NCCB,D,2021-12-27,DIVIDEND,0.4200,2077/2078,sharesansar company-dividend/company-rightshare,2026-10-02
NCCB,D,2022-11-01,BONUS,3.3663,2078/2079,sharesansar company-dividend/company-rightshare,2026-10-02
NCCB,D,2022-11-01,DIVIDEND,7.6337,2078/2079,sharesansar company-dividend/company-rightshare,2026-10-02
NCDB,D,2015-10-02,BONUS,9.5000,2071/2072,sharesansar company-dividend/company-rightshare,2026-10-02
NCDB,D,2015-10-02,DIVIDEND,0.5000,2071/2072,sharesansar company-dividend/company-rightshare,2026-10-02
NCDB,D,2016-04-29,RIGHT,100.0000,2015/2016,sharesansar company-dividend/company-rightshare,2026-10-02
NCDB,D,2017-05-26,BONUS,5.1500,2072/2073,sharesansar company-dividend/company-rightshare,2026-10-02
NCDB,D,2017-05-26,DIVIDEND,0.2700,2072/2073,sharesansar company-dividend/company-rightshare,2026-10-02
NCDB,D,2017-10-04,RIGHT,120.0000,2017/2018,sharesansar company-dividend/company-rightshare,2026-10-02
NCDB,D,2018-05-11,BONUS,8.6100,2073/2074,sharesansar company-dividend/company-rightshare,2026-10-02
NCDB,D,2018-05-11,DIVIDEND,0.4500,2073/2074,sharesansar company-dividend/company-rightshare,2026-10-02
NCDB,D,2019-01-01,BONUS,1.0000,2074/2075,sharesansar company-dividend/company-rightshare,2026-10-02
NCDB,D,2019-01-01,DIVIDEND,6.4200,2074/2075,sharesansar company-dividend/company-rightshare,2026-10-02
NGBL,D,2011-12-27,DIVIDEND,15.0000,2067/2068,sharesansar company-dividend/company-rightshare,2026-10-02
NGBL,D,2012-12-31,BONUS,15.0000,2068/2069,sharesansar company-dividend/company-rightshare,2026-10-02
NGBL,D,2012-12-31,DIVIDEND,0.7900,2068/2069,sharesansar company-dividend/company-rightshare,2026-10-02
NGBL,D,2013-11-08,RIGHT,73.9100,2013/2014,sharesansar company-dividend/company-rightshare,2026-10-02
NGBL,D,2013-12-27,DIVIDEND,14.0000,2069/2070,sharesansar company-dividend/company-rightshare,2026-10-02
NGBL,D,2014-11-11,BONUS,20.0000,2070/2071,sharesansar company-dividend/company-rightshare,2026-10-02
NGBL,D,2014-11-11,DIVIDEND,1.0500,2070/2071,sharesansar company-dividend/company-rightshare,2026-10-02
NGBL,D,2015-03-09,RIGHT,25.0000,2014/2015,sharesansar company-dividend/company-rightshare,2026-10-02
NIB,D,2011-10-30,BONUS,25.0000,2067/2068,sharesansar company-dividend/company-rightshare,2026-10-02
NIB,D,2011-10-30,DIVIDEND,25.0000,2067/2068,sharesansar company-dividend/company-rightshare,2026-10-02
NIB,D,2012-12-20,BONUS,25.0000,2068/2069,sharesansar company-dividend/company-rightshare,2026-10-02
NIB,D,2012-12-20,DIVIDEND,5.0000,2068/2069,sharesansar company-dividend/company-rightshare,2026-10-02
NIB,D,2013-12-11,BONUS,10.0000,2069/2070,sharesansar company-dividend/company-rightshare,2026-10-02
NIB,D,2013-12-11,DIVIDEND,25.0000,2069/2070,sharesansar company-dividend/company-rightshare,2026-10-02
NIB,D,2014-10-09,BONUS,15.0000,2070/2071,sharesansar company-dividend/company-rightshare,2026-10-02
NIB,D,2014-10-09,DIVIDEND,25.0000,2070/2071,sharesansar company-dividend/company-rightshare,2026-10-02
NIB,D,2015-10-30,BONUS,33.0000,2071/2072,sharesansar company-dividend/company-rightshare,2026-10-02
NIB,D,2015-10-30,DIVIDEND,1.7400,2071/2072,sharesansar company-dividend/company-rightshare,2026-10-02
NIB,D,2016-09-06,BONUS,20.0000,2072/2073,sharesansar company-dividend/company-rightshare,2026-10-02
NIB,D,2016-09-06,DIVIDEND,21.0000,2072/2073,sharesansar company-dividend/company-rightshare,2026-10-02
NIB,D,2017-10-04,BONUS,15.0000,2073/2074,sharesansar company-dividend/company-rightshare,2026-10-02
NIB,D,2017-10-04,DIVIDEND,25.0000,2073/2074,sharesansar company-dividend/company-rightshare,2026-10-02
NIB,D,2018-12-26,BONUS,18.0000,2074/2075,sharesansar company-dividend/company-rightshare,2026-10-02
NIB,D,2018-12-26,DIVIDEND,22.0000,2074/2075,sharesansar company-dividend/company-rightshare,2026-10-02
NIB,D,2019-12-30,BONUS,10.5000,2075/2076,sharesansar company-dividend/company-rightshare,2026-10-02
NIB,D,2019-12-30,DIVIDEND,8.5000,2075/2076,sharesansar company-dividend/company-rightshare,2026-10-02
NIB,D,2021-01-06,BONUS,13.0000,2076/2077,sharesansar company-dividend/company-rightshare,2026-10-02
NIB,D,2021-01-06,DIVIDEND,5.5000,2076/2077,sharesansar company-dividend/company-rightshare,2026-10-02
NIB,D,2021-11-22,BONUS,12.6110,2077/2078,sharesansar company-dividend/company-rightshare,2026-10-02
NIB,D,2021-11-22,DIVIDEND,3.3890,2077/2078,sharesansar company-dividend/company-rightshare,2026-10-02
NIB,D,2022-12-07,BONUS,4.0000,2078/2079,sharesansar company-dividend/company-rightshare,2026-10-02
NIB,D,2022-12-07,DIVIDEND,7.0000,2078/2079,sharesansar company-dividend/company-rightshare,2026-10-02
NLBBL,D,2011-12-16,BONUS,40.0000,2067/2068,sharesansar company-dividend/company-rightshare,2026-10-02
NLBBL,D,2011-12-16,DIVIDEND,10.0000,2067/2068,sharesansar company-dividend/company-rightshare,2026-10-02
NLBBL,D,2012-12-21,BONUS,15.0000,2068/2069,sharesansar company-dividend/company-rightshare,2026-10-02
NLBBL,D,2012-12-21,DIVIDEND,10.7900,2068/2069,sharesansar company-dividend/company-rightshare,2026-10-02
NLBBL,D,2013-12-13,BONUS,55.0000,2069/2070,sharesansar company-dividend/company-rightshare,2026-10-02
NLBBL,D,2014-11-25,BONUS,25.0000,2070/2071,sharesansar company-dividend/company-rightshare,2026-10-02
NLBBL,D,2014-11-25,DIVIDEND,20.0000,2070/2071,sharesansar company-dividend/company-rightshare,2026-10-02
NLBBL,D,2015-12-29,BONUS,44.0000,2071/2072,sharesansar company-dividend/company-rightshare,2026-10-02
NLBBL,D,2015-12-29,DIVIDEND,2.3200,2071/2072,sharesansar company-dividend/company-rightshare,2026-10-02
NLBBL,D,2017-03-13,BONUS,20.0000,2072/2073,sharesansar company-dividend/company-rightshare,2026-10-02
NLBBL,D,2017-03-13,RIGHT,50.0000,2016/2017,sharesansar company-dividend/company-rightshare,2026-10-02
NLBBL,D,2017-03-13,DIVIDEND,11.0500,2072/2073,sharesansar company-dividend/company-rightshare,2026-10-02
NLBBL,D,2017-12-24,BONUS,13.0000,2073/2074,sharesansar company-dividend/company-rightshare,2026-10-02
NLBBL,D,2017-12-24,DIVIDEND,7.6800,2073/2074,sharesansar company-dividend/company-rightshare,2026-10-02
NLBBL,D,2018-12-20,BONUS,15.0000,2074/2075,sharesansar company-dividend/company-rightshare,2026-10-02
NLBBL,D,2018-12-20,DIVIDEND,5.7900,2074/2075,sharesansar company-dividend/company-rightshare,2026-10-02
NLBBL,D,2019-12-29,BONUS,15.0000,2075/2076,sharesansar company-dividend/company-rightshare,2026-10-02
NLBBL,D,2019-12-29,DIVIDEND,5.7900,2075/2076,sharesansar company-dividend/company-rightshare,2026-10-02
NLBBL,D,2021-02-19,BONUS,8.0000,2076/2077,sharesansar company-dividend/company-rightshare,2026-10-02
NLBBL,D,2021-02-19,DIVIDEND,0.4200,2076/2077,sharesansar company-dividend/company-rightshare,2026-10-02
NLBBL,D,2021-12-12,BONUS,21.4876,2077/2078,sharesansar company-dividend/company-rightshare,2026-10-02
NLBBL,D,2021-12-12,DIVIDEND,1.1309,2077/2078,sharesansar company-dividend/company-rightshare,2026-10-02
NLBBL,D,2023-01-31,BONUS,22.0000,2078/2079,sharesansar company-dividend/company-rightshare,2026-10-02
NLBBL,D,2023-01-31,DIVIDEND,1.1579,2078/2079,sharesansar company-dividend/company-rightshare,2026-10-02
NNFC,D,2012-11-28,DIVIDEND,18.9500,2068/2069,sharesansar company-dividend/company-rightshare,2026-10-02
NNFC,D,2013-12-02,DIVIDEND,12.6300,2069/2070,sharesansar company-dividend/company-rightshare,2026-10-02
NNFC,D,2014-12-09,BONUS,5.0000,2070/2071,sharesansar company-dividend/company-rightshare,2026-10-02
NNFC,D,2014-12-09,DIVIDEND,20.0000,2070/2071,sharesansar company-dividend/company-rightshare,2026-10-02
NNFC,D,2015-10-15,BONUS,18.0000,2071/2072,sharesansar company-dividend/company-rightshare,2026-10-02
NNFC,D,2015-10-15,DIVIDEND,7.0000,2071/2072,sharesansar company-dividend/company-rightshare,2026-10-02
NNLB,D,2018-01-11,BONUS,20.0000,2073/2074,sharesansar company-dividend/company-rightshare,2026-10-02
NNLB,D,2018-01-11,DIVIDEND,1.0526,2073/2074,sharesansar company-dividend/company-rightshare,2026-10-02
NNLB,D,2018-07-23,RIGHT,250.0000,2018/2019,sharesansar company-dividend/company-rightshare,2026-10-02
NNLB,D,2019-12-19,BONUS,20.0000,2075/2076,sharesansar company-dividend/company-rightshare,2026-10-02
NNLB,D,2019-12-19,DIVIDEND,1.0526,2075/2076,sharesansar company-dividend/company-rightshare,2026-10-02
NSLB,D,2021-04-01,BONUS,8.1200,2076/2077,sharesansar company-dividend/company-rightshare,2026-10-02
NSLB,D,2021-04-01,DIVIDEND,0.4274,2076/2077,sharesansar company-dividend/company-rightshare,2026-10-02
NSLB,D,2022-04-06,BONUS,19.0000,2077/2078,sharesansar company-dividend/company-rightshare,2026-10-02
NSLB,D,2022-04-06,DIVIDEND,1.0000,2077/2078,sharesansar company-dividend/company-rightshare,2026-10-02
NSLB,D,2023-03-29,BONUS,19.0000,2078/2079,sharesansar company-dividend/company-rightshare,2026-10-02
NSLB,D,2023-03-29,DIVIDEND,1.0000,2078/2079,sharesansar company-dividend/company-rightshare,2026-10-02
ODBL,D,2016-12-06,BONUS,29.2000,2072/2073,sharesansar company-dividend/company-rightshare,2026-10-02
ODBL,D,2017-09-15,RIGHT,30.0000,2017/2018,sharesansar company-dividend/company-rightshare,2026-10-02
ODBL,D,2018-02-26,BONUS,17.6900,2073/2074,sharesansar company-dividend/company-rightshare,2026-10-02
PADBL,D,2012-10-19,DIVIDEND,15.0000,2068/2069,sharesansar company-dividend/company-rightshare,2026-10-02
PADBL,D,2013-11-19,BONUS,22.0000,2069/2070,sharesansar company-dividend/company-rightshare,2026-10-02
PADBL,D,2013-11-19,DIVIDEND,1.1300,2069/2070,sharesansar company-dividend/company-rightshare,2026-10-02
PADBL,D,2014-12-02,BONUS,20.0000,2070/2071,sharesansar company-dividend/company-rightshare,2026-10-02
PADBL,D,2014-12-02,DIVIDEND,1.0500,2070/2071,sharesansar company-dividend/company-rightshare,2026-10-02
PADBL,D,2015-11-23,BONUS,24.0000,2071/2072,sharesansar company-dividend/company-rightshare,2026-10-02
PADBL,D,2015-11-23,DIVIDEND,1.2600,2071/2072,sharesansar company-dividend/company-rightshare,2026-10-02
PADBL,D,2016-06-15,BONUS,22.1000,2072/2073,sharesansar company-dividend/company-rightshare,2026-10-02
PIC,D,2013-06-07,BONUS,15.0000,2068/2069,sharesansar company-dividend/company-rightshare,2026-10-02
PIC,D,2013-06-07,DIVIDEND,0.7900,2068/2069,sharesansar company-dividend/company-rightshare,2026-10-02
PIC,D,2015-03-10,RIGHT,115.0000,2014/2015,sharesansar company-dividend/company-rightshare,2026-10-02
PIC,D,2015-07-02,BONUS,14.0000,2070/2071,sharesansar company-dividend/company-rightshare,2026-10-02
PIC,D,2016-03-17,BONUS,30.0000,2071/2072,sharesansar company-dividend/company-rightshare,2026-10-02
PIC,D,2016-03-17,DIVIDEND,1.0200,2071/2072,sharesansar company-dividend/company-rightshare,2026-10-02
PIC,D,2016-12-22,BONUS,20.0000,2072/2073,sharesansar company-dividend/company-rightshare,2026-10-02
PIC,D,2016-12-22,DIVIDEND,1.0500,2072/2073,sharesansar company-dividend/company-rightshare,2026-10-02
PIC,D,2018-03-22,BONUS,13.5200,2073/2074,sharesansar company-dividend/company-rightshare,2026-10-02
PIC,D,2019-07-05,BONUS,84.0000,2074/2075,sharesansar company-dividend/company-rightshare,2026-10-02
PIC,D,2021-03-24,DIVIDEND,11.0500,2076/2077,sharesansar company-dividend/company-rightshare,2026-10-02
PIC,D,2022-01-19,BONUS,14.2500,2077/2078,sharesansar company-dividend/company-rightshare,2026-10-02
PIC,D,2022-01-19,DIVIDEND,0.7500,2077/2078,sharesansar company-dividend/company-rightshare,2026-10-02
PIC,D,2023-01-06,BONUS,14.2500,2078/2079,sharesansar company-dividend/company-rightshare,2026-10-02
PIC,D,2023-01-06,DIVIDEND,0.7500,2078/2079,sharesansar company-dividend/company-rightshare,2026-10-02
PICL,D,2013-03-22,BONUS,25.0000,2068/2069,sharesansar company-dividend/company-rightshare,2026-10-02
PICL,D,2013-12-23,RIGHT,100.0000,2013/2014,sharesansar company-dividend/company-rightshare,2026-10-02
PICL,D,2014-05-15,BONUS,8.0000,2069/2070,sharesansar company-dividend/company-rightshare,2026-10-02
PICL,D,2015-07-03,RIGHT,20.0000,2015/2016,sharesansar company-dividend/company-rightshare,2026-10-02
PICL,D,2016-05-31,BONUS,10.0000,2071/2072,sharesansar company-dividend/company-rightshare,2026-10-02
PICL,D,2017-02-14,BONUS,20.0000,2072/2073,sharesansar company-dividend/company-rightshare,2026-10-02
PICL,D,2017-02-14,DIVIDEND,1.0500,2072/2073,sharesansar company-dividend/company-rightshare,2026-10-02
PICL,D,2017-11-03,BONUS,20.0000,2073/2074,sharesansar company-dividend/company-rightshare,2026-10-02
PICL,D,2017-11-03,DIVIDEND,1.0500,2073/2074,sharesansar company-dividend/company-rightshare,2026-10-02
PICL,D,2017-12-01,RIGHT,30.0000,2017/2018,sharesansar company-dividend/company-rightshare,2026-10-02
PICL,D,2020-02-10,RIGHT,60.0000,2019/2020,sharesansar company-dividend/company-rightshare,2026-10-02
PICL,D,2021-05-02,BONUS,8.0000,2076/2077,sharesansar company-dividend/company-rightshare,2026-10-02
PICL,D,2021-05-02,DIVIDEND,0.4200,2076/2077,sharesansar company-dividend/company-rightshare,2026-10-02
PICL,D,2022-04-07,BONUS,7.0000,2077/2078,sharesansar company-dividend/company-rightshare,2026-10-02
PICL,D,2022-04-07,DIVIDEND,0.3680,2077/2078,sharesansar company-dividend/company-rightshare,2026-10-02
PICL,D,2023-03-17,BONUS,3.3250,2078/2079,sharesansar company-dividend/company-rightshare,2026-10-02
PICL,D,2023-03-17,DIVIDEND,0.1750,2078/2079,sharesansar company-dividend/company-rightshare,2026-10-02
PLIC,D,2012-02-16,BONUS,20.0000,2067/2068,sharesansar company-dividend/company-rightshare,2026-10-02
PLIC,D,2012-02-16,DIVIDEND,1.0500,2067/2068,sharesansar company-dividend/company-rightshare,2026-10-02
PLIC,D,2013-04-25,BONUS,13.0000,2068/2069,sharesansar company-dividend/company-rightshare,2026-10-02
PLIC,D,2017-08-30,BONUS,25.0000,2072/2073,sharesansar company-dividend/company-rightshare,2026-10-02
PLIC,D,2018-03-01,RIGHT,160.0000,2017/2018,sharesansar company-dividend/company-rightshare,2026-10-02
PLIC,D,2018-03-14,BONUS,12.5000,2073/2074,sharesansar company-dividend/company-rightshare,2026-10-02
PLIC,D,2018-03-14,DIVIDEND,0.6563,2073/2074,sharesansar company-dividend/company-rightshare,2026-10-02
PLIC,D,2019-09-17,BONUS,12.5000,2073/2074,sharesansar company-dividend/company-rightshare,2026-10-02
PLIC,D,2020-07-03,BONUS,12.5000,2074/2075,sharesansar company-dividend/company-rightshare,2026-10-02
PLIC,D,2021-01-01,BONUS,7.0000,2075/2076,sharesansar company-dividend/company-rightshare,2026-10-02
PLIC,D,2021-01-01,DIVIDEND,8.0000,2075/2076,sharesansar company-dividend/company-rightshare,2026-10-02
PLIC,D,2021-11-26,BONUS,15.0000,2076/2077,sharesansar company-dividend/company-rightshare,2026-10-02
PLIC,D,2021-11-26,DIVIDEND,0.8700,2076/2077,sharesansar company-dividend/company-rightshare,2026-10-02
PLIC,D,2022-12-23,BONUS,13.0000,2077/2078,sharesansar company-dividend/company-rightshare,2026-10-02
PLIC,D,2022-12-23,DIVIDEND,0.6842,2077/2078,sharesansar company-dividend/company-rightshare,2026-10-02
PURBL,D,2012-03-14,DIVIDEND,6.0000,2067/2068,sharesansar company-dividend/company-rightshare,2026-10-02
PURBL,D,2012-12-20,DIVIDEND,7.3600,2068/2069,sharesansar company-dividend/company-rightshare,2026-10-02
PURBL,D,2014-11-27,BONUS,23.7500,2070/2071,sharesansar company-dividend/company-rightshare,2026-10-02
PURBL,D,2015-04-01,RIGHT,25.0000,2014/2015,sharesansar company-dividend/company-rightshare,2026-10-02
PURBL,D,2015-12-29,BONUS,23.2700,2071/2072,sharesansar company-dividend/company-rightshare,2026-10-02
PURBL,D,2015-12-29,DIVIDEND,1.2200,2071/2072,sharesansar company-dividend/company-rightshare,2026-10-02
PURBL,D,2016-08-04,RIGHT,50.0000,2016/2017,sharesansar company-dividend/company-rightshare,2026-10-02
PURBL,D,2016-12-23,BONUS,24.7000,2072/2073,sharesansar company-dividend/company-rightshare,2026-10-02
PURBL,D,2016-12-23,DIVIDEND,1.3000,2072/2073,sharesansar company-dividend/company-rightshare,2026-10-02
PURBL,D,2017-05-30,RIGHT,25.0000,2016/2017,sharesansar company-dividend/company-rightshare,2026-10-02
PURBL,D,2017-12-29,BONUS,19.1900,2073/2074,sharesansar company-dividend/company-rightshare,2026-10-02
PURBL,D,2017-12-29,DIVIDEND,1.0100,2073/2074,sharesansar company-dividend/company-rightshare,2026-10-02
PURBL,D,2018-12-31,BONUS,5.0000,2074/2075,sharesansar company-dividend/company-rightshare,2026-10-02
PURBL,D,2018-12-31,DIVIDEND,6.3700,2074/2075,sharesansar company-dividend/company-rightshare,2026-10-02
RBBBL,D,2016-03-28,BONUS,15.0000,2071/2072,sharesansar company-dividend/company-rightshare,2026-10-02
RBBBL,D,2016-03-28,DIVIDEND,0.5000,2071/2072,sharesansar company-dividend/company-rightshare,2026-10-02
RBBBL,D,2017-03-29,BONUS,9.2500,2072/2073,sharesansar company-dividend/company-rightshare,2026-10-02
RBBBL,D,2017-03-29,DIVIDEND,0.4800,2072/2073,sharesansar company-dividend/company-rightshare,2026-10-02
RHPC,D,2014-10-31,BONUS,10.0000,2070/2071,sharesansar company-dividend/company-rightshare,2026-10-02
RHPC,D,2014-10-31,DIVIDEND,0.5260,2070/2071,sharesansar company-dividend/company-rightshare,2026-10-02
RHPC,D,2015-10-01,DIVIDEND,10.5260,2071/2072,sharesansar company-dividend/company-rightshare,2026-10-02
RHPC,D,2016-05-27,RIGHT,35.0000,2015/2016,sharesansar company-dividend/company-rightshare,2026-10-02
RHPC,D,2016-08-31,BONUS,6.0000,2072/2073,sharesansar company-dividend/company-rightshare,2026-10-02
RHPC,D,2016-08-31,DIVIDEND,0.3157,2072/2073,sharesansar company-dividend/company-rightshare,2026-10-02
RHPC,D,2017-10-16,BONUS,6.0000,2073/2074,sharesansar company-dividend/company-rightshare,2026-10-02
RHPC,D,2017-10-16,DIVIDEND,0.3157,2073/2074,sharesansar company-dividend/company-rightshare,2026-10-02
RHPC,D,2018-09-23,BONUS,6.0000,2074/2075,sharesansar company-dividend/company-rightshare,2026-10-02
RHPC,D,2018-09-23,DIVIDEND,0.3150,2074/2075,sharesansar company-dividend/company-rightshare,2026-10-02
RHPC,D,2019-12-05,BONUS,5.0000,2075/2076,sharesansar company-dividend/company-rightshare,2026-10-02
RHPC,D,2019-12-05,DIVIDEND,0.2600,2075/2076,sharesansar company-dividend/company-rightshare,2026-10-02
RHPC,D,2020-11-30,BONUS,5.0000,2076/2077,sharesansar company-dividend/company-rightshare,2026-10-02
RHPC,D,2020-11-30,DIVIDEND,0.2600,2076/2077,sharesansar company-dividend/company-rightshare,2026-10-02
RHPC,D,2021-10-19,DIVIDEND,12.6000,2077/2078,sharesansar company-dividend/company-rightshare,2026-10-02
RMDC,D,2013-12-27,DIVIDEND,15.0000,2069/2070,sharesansar company-dividend/company-rightshare,2026-10-02
RMDC,D,2014-12-23,BONUS,10.0000,2070/2071,sharesansar company-dividend/company-rightshare,2026-10-02
RMDC,D,2014-12-23,DIVIDEND,21.5800,2070/2071,sharesansar company-dividend/company-rightshare,2026-10-02
RMDC,D,2015-12-27,BONUS,10.0000,2071/2072,sharesansar company-dividend/company-rightshare,2026-10-02
RMDC,D,2015-12-27,DIVIDEND,16.3200,2071/2072,sharesansar company-dividend/company-rightshare,2026-10-02
RMDC,D,2016-12-27,BONUS,10.0000,2072/2073,sharesansar company-dividend/company-rightshare,2026-10-02
RMDC,D,2016-12-27,DIVIDEND,10.0000,2072/2073,sharesansar company-dividend/company-rightshare,2026-10-02
RMDC,D,2017-12-22,BONUS,5.0000,2073/2074,sharesansar company-dividend/company-rightshare,2026-10-02
RMDC,D,2017-12-22,DIVIDEND,15.0000,2073/2074,sharesansar company-dividend/company-rightshare,2026-10-02
RMDC,D,2018-12-19,BONUS,10.0000,2074/2075,sharesansar company-dividend/company-rightshare,2026-10-02
RMDC,D,2018-12-19,DIVIDEND,10.0000,2074/2075,sharesansar company-dividend/company-rightshare,2026-10-02
RMDC,D,2019-12-27,BONUS,12.5000,2075/2076,sharesansar company-dividend/company-rightshare,2026-10-02
RMDC,D,2019-12-27,DIVIDEND,12.5000,2075/2076,sharesansar company-dividend/company-rightshare,2026-10-02
RMDC,D,2020-11-23,BONUS,15.0000,2076/2077,sharesansar company-dividend/company-rightshare,2026-10-02
RMDC,D,2020-11-23,DIVIDEND,5.0000,2076/2077,sharesansar company-dividend/company-rightshare,2026-10-02
RMDC,D,2022-01-02,BONUS,20.0000,2077/2078,sharesansar company-dividend/company-rightshare,2026-10-02
RMDC,D,2022-01-02,DIVIDEND,5.0000,2077/2078,sharesansar company-dividend/company-rightshare,2026-10-02
RMDC,D,2023-03-15,BONUS,26.0000,2078/2079,sharesansar company-dividend/company-rightshare,2026-10-02
RMDC,D,2023-03-15,DIVIDEND,1.3684,2078/2079,sharesansar company-dividend/company-rightshare,2026-10-02
RRHP,D,2021-10-21,DIVIDEND,12.6000,2077/2078,sharesansar company-dividend/company-rightshare,2026-10-02
SABSL,D,2019-11-21,BONUS,13.0000,2075/2076,sharesansar company-dividend/company-rightshare,2026-10-02
SABSL,D,2019-11-21,DIVIDEND,0.6800,2075/2076,sharesansar company-dividend/company-rightshare,2026-10-02
SABSL,D,2021-03-12,BONUS,10.5000,2076/2077,sharesansar company-dividend/company-rightshare,2026-10-02
SABSL,D,2021-03-12,DIVIDEND,0.5500,2076/2077,sharesansar company-dividend/company-rightshare,2026-10-02
SABSL,D,2021-12-03,BONUS,31.0500,2077/2078,sharesansar company-dividend/company-rightshare,2026-10-02
SABSL,D,2021-12-03,DIVIDEND,1.6300,2077/2078,sharesansar company-dividend/company-rightshare,2026-10-02
SABSL,D,2023-02-26,BONUS,18.0000,2078/2079,sharesansar company-dividend/company-rightshare,2026-10-02
SABSL,D,2023-02-26,DIVIDEND,0.9500,2078/2079,sharesansar company-dividend/company-rightshare,2026-10-02
SAFL,D,2016-06-03,BONUS,15.8500,2071/2072,sharesansar company-dividend/company-rightshare,2026-10-02
SAFL,D,2016-12-09,RIGHT,80.0000,2016/2017,sharesansar company-dividend/company-rightshare,2026-10-02
SAFL,D,2017-03-05,BONUS,18.3000,2072/2073,sharesansar company-dividend/company-rightshare,2026-10-02
SAMAJ,D,2023-08-06,BONUS,14.2500,2078/2079,sharesansar company-dividend/company-rightshare,2026-10-02
SAMAJ,D,2023-08-06,DIVIDEND,0.7500,2078/2079,sharesansar company-dividend/company-rightshare,2026-10-02
SBBLJ,D,2011-12-09,BONUS,20.0000,2067/2068,sharesansar company-dividend/company-rightshare,2026-10-02
SBBLJ,D,2011-12-09,DIVIDEND,2.8800,2067/2068,sharesansar company-dividend/company-rightshare,2026-10-02
SBBLJ,D,2013-04-11,BONUS,26.0000,2068/2069,sharesansar company-dividend/company-rightshare,2026-10-02
SBBLJ,D,2013-12-03,BONUS,26.0000,2069/2070,sharesansar company-dividend/company-rightshare,2026-10-02
SBBLJ,D,2013-12-03,DIVIDEND,8.5000,2069/2070,sharesansar company-dividend/company-rightshare,2026-10-02
SBBLJ,D,2014-12-24,BONUS,26.0000,2070/2071,sharesansar company-dividend/company-rightshare,2026-10-02
SBBLJ,D,2014-12-24,RIGHT,15.0000,2014/2015,sharesansar company-dividend/company-rightshare,2026-10-02
SBBLJ,D,2014-12-24,DIVIDEND,10.0000,2070/2071,sharesansar company-dividend/company-rightshare,2026-10-02
SBBLJ,D,2015-12-24,BONUS,28.0000,2071/2072,sharesansar company-dividend/company-rightshare,2026-10-02
SBBLJ,D,2015-12-24,DIVIDEND,1.4700,2071/2072,sharesansar company-dividend/company-rightshare,2026-10-02
SBBLJ,D,2016-11-04,BONUS,22.0000,2072/2073,sharesansar company-dividend/company-rightshare,2026-10-02
SBBLJ,D,2016-11-04,DIVIDEND,1.1600,2072/2073,sharesansar company-dividend/company-rightshare,2026-10-02
SBBLJ,D,2017-04-28,RIGHT,35.0000,2016/2017,sharesansar company-dividend/company-rightshare,2026-10-02
SBBLJ,D,2017-12-14,BONUS,20.0000,2073/2074,sharesansar company-dividend/company-rightshare,2026-10-02
SBBLJ,D,2017-12-14,DIVIDEND,4.5000,2073/2074,sharesansar company-dividend/company-rightshare,2026-10-02
SBBLJ,D,2019-02-25,DIVIDEND,17.0000,2074/2075,sharesansar company-dividend/company-rightshare,2026-10-02
SBBLJ,D,2020-03-11,DIVIDEND,18.7215,2075/2076,sharesansar company-dividend/company-rightshare,2026-10-02
SDBL,D,2016-01-05,BONUS,11.0000,2071/2072,sharesansar company-dividend/company-rightshare,2026-10-02
SDBL,D,2016-01-05,DIVIDEND,0.5800,2071/2072,sharesansar company-dividend/company-rightshare,2026-10-02
SDBL,D,2016-11-24,BONUS,24.0000,2072/2073,sharesansar company-dividend/company-rightshare,2026-10-02
SDBL,D,2017-04-09,RIGHT,60.0000,2016/2017,sharesansar company-dividend/company-rightshare,2026-10-02
SDESI,D,2017-11-10,BONUS,15.0000,2073/2074,sharesansar company-dividend/company-rightshare,2026-10-02
SDESI,D,2018-09-10,RIGHT,100.0000,2018/2019,sharesansar company-dividend/company-rightshare,2026-10-02
SDESI,D,2019-11-22,BONUS,20.0000,2075/2076,sharesansar company-dividend/company-rightshare,2026-10-02
SDESI,D,2019-11-22,DIVIDEND,15.0000,2075/2076,sharesansar company-dividend/company-rightshare,2026-10-02
SDLBSL,D,2020-12-31,BONUS,18.0000,2076/2077,sharesansar company-dividend/company-rightshare,2026-10-02
SDLBSL,D,2020-12-31,DIVIDEND,0.9474,2076/2077,sharesansar company-dividend/company-rightshare,2026-10-02
SDLBSL,D,2021-10-20,BONUS,25.0000,2077/2078,sharesansar company-dividend/company-rightshare,2026-10-02
SDLBSL,D,2021-10-20,DIVIDEND,1.3200,2077/2078,sharesansar company-dividend/company-rightshare,2026-10-02
SDLBSL,D,2023-01-04,BONUS,19.0000,2078/2079,sharesansar company-dividend/company-rightshare,2026-10-02
SDLBSL,D,2023-01-04,DIVIDEND,1.0000,2078/2079,sharesansar company-dividend/company-rightshare,2026-10-02
SETI,D,2013-03-31,BONUS,10.0000,2068/2069,sharesansar company-dividend/company-rightshare,2026-10-02
SETI,D,2013-03-31,DIVIDEND,10.0000,2068/2069,sharesansar company-dividend/company-rightshare,2026-10-02
SETI,D,2013-12-31,BONUS,15.0000,2069/2070,sharesansar company-dividend/company-rightshare,2026-10-02
SETI,D,2013-12-31,DIVIDEND,10.0000,2069/2070,sharesansar company-dividend/company-rightshare,2026-10-02
SETI,D,2014-12-14,BONUS,10.0000,2070/2071,sharesansar company-dividend/company-rightshare,2026-10-02
SETI,D,2014-12-14,DIVIDEND,5.0000,2070/2071,sharesansar company-dividend/company-rightshare,2026-10-02
SETI,D,2016-03-18,BONUS,14.0000,2071/2072,sharesansar company-dividend/company-rightshare,2026-10-02
SETI,D,2016-10-26,RIGHT,150.0000,2016/2017,sharesansar company-dividend/company-rightshare,2026-10-02
SETI,D,2017-04-03,BONUS,3.6000,2072/2073,sharesansar company-dividend/company-rightshare,2026-10-02
SETI,D,2017-04-03,DIVIDEND,0.1800,2072/2073,sharesansar company-dividend/company-rightshare,2026-10-02
SEWA,D,2011-12-29,DIVIDEND,18.0000,2067/2068,sharesansar company-dividend/company-rightshare,2026-10-02
SEWA,D,2012-09-28,BONUS,20.0000,2068/2069,sharesansar company-dividend/company-rightshare,2026-10-02
SEWA,D,2013-02-24,RIGHT,66.0000,2012/2013,sharesansar company-dividend/company-rightshare,2026-10-02
SEWA,D,2013-10-29,BONUS,12.0000,2069/2070,sharesansar company-dividend/company-rightshare,2026-10-02
SEWA,D,2013-10-29,DIVIDEND,0.6300,2069/2070,sharesansar company-dividend/company-rightshare,2026-10-02
SEWA,D,2014-11-13,BONUS,20.0000,2070/2071,sharesansar company-dividend/company-rightshare,2026-10-02
SEWA,D,2014-11-13,RIGHT,20.0000,2014/2015,sharesansar company-dividend/company-rightshare,2026-10-02
SEWA,D,2015-12-28,BONUS,18.0000,2071/2072,sharesansar company-dividend/company-rightshare,2026-10-02
SEWA,D,2016-10-05,RIGHT,120.0000,2016/2017,sharesansar company-dividend/company-rightshare,2026-10-02
SEWA,D,2016-11-27,BONUS,19.0000,2072/2073,sharesansar company-dividend/company-rightshare,2026-10-02
SEWA,D,2016-11-27,DIVIDEND,1.0000,2072/2073,sharesansar company-dividend/company-rightshare,2026-10-02
SFCL,S,2020-08-25,RIGHT,200.0000,2020/2021,sharesansar company-dividend/company-rightshare,2026-10-02
SFCL,S,2021-12-26,RIGHT,50.0000,2021/2022,sharesansar company-dividend/company-rightshare,2026-10-02
SFFIL,D,2014-01-19,RIGHT,200.0000,2013/2014,sharesansar company-dividend/company-rightshare,2026-10-02
SFFIL,D,2014-12-25,BONUS,60.0000,2070/2071,sharesansar company-dividend/company-rightshare,2026-10-02
SFFIL,D,2014-12-25,DIVIDEND,3.1500,2070/2071,sharesansar company-dividend/company-rightshare,2026-10-02
SFFIL,D,2016-01-19,RIGHT,50.0000,2015/2016,sharesansar company-dividend/company-rightshare,2026-10-02
SFFIL,D,2016-12-02,BONUS,50.0000,2072/2073,sharesansar company-dividend/company-rightshare,2026-10-02
SFFIL,D,2016-12-02,DIVIDEND,2.6300,2072/2073,sharesansar company-dividend/company-rightshare,2026-10-02
SFFIL,D,2017-12-23,BONUS,32.5000,2073/2074,sharesansar company-dividend/company-rightshare,2026-10-02
SFFIL,D,2017-12-23,DIVIDEND,1.7100,2073/2074,sharesansar company-dividend/company-rightshare,2026-10-02
SFFIL,D,2018-12-28,BONUS,15.0000,2074/2075,sharesansar company-dividend/company-rightshare,2026-10-02
SFFIL,D,2018-12-28,DIVIDEND,9.5000,2074/2075,sharesansar company-dividend/company-rightshare,2026-10-02
SFFIL,D,2019-09-23,RIGHT,60.0000,2019/2020,sharesansar company-dividend/company-rightshare,2026-10-02
SFFIL,D,2020-01-17,BONUS,15.0000,2075/2076,sharesansar company-dividend/company-rightshare,2026-10-02
SFFIL,D,2020-01-17,DIVIDEND,0.7890,2075/2076,sharesansar company-dividend/company-rightshare,2026-10-02
SFFIL,D,2021-03-14,BONUS,13.5900,2076/2077,sharesansar company-dividend/company-rightshare,2026-10-02
SFFIL,D,2021-03-14,DIVIDEND,0.6800,2076/2077,sharesansar company-dividend/company-rightshare,2026-10-02
SHBL,D,2015-03-29,BONUS,18.0000,2070/2071,sharesansar company-dividend/company-rightshare,2026-10-02
SHBL,D,2016-05-20,BONUS,35.0000,2071/2072,sharesansar company-dividend/company-rightshare,2026-10-02
SHBL,D,2016-09-07,RIGHT,150.0000,2016/2017,sharesansar company-dividend/company-rightshare,2026-10-02
SHBL,D,2017-01-02,BONUS,18.0000,2072/2073,sharesansar company-dividend/company-rightshare,2026-10-02
SHBL,D,2018-04-23,RIGHT,250.0000,2017/2018,sharesansar company-dividend/company-rightshare,2026-10-02
SIC,D,2013-06-14,BONUS,100.0000,2068/2069,sharesansar company-dividend/company-rightshare,2026-10-02
SIC,D,2013-06-14,DIVIDEND,29.6200,2068/2069,sharesansar company-dividend/company-rightshare,2026-10-02
SIC,D,2014-06-05,BONUS,20.0000,2069/2070,sharesansar company-dividend/company-rightshare,2026-10-02
SIC,D,2014-06-05,DIVIDEND,22.1000,2069/2070,sharesansar company-dividend/company-rightshare,2026-10-02
SIC,D,2015-07-01,BONUS,15.0000,2070/2071,sharesansar company-dividend/company-rightshare,2026-10-02
SIC,D,2015-07-01,DIVIDEND,0.7900,2070/2071,sharesansar company-dividend/company-rightshare,2026-10-02
SIC,D,2016-06-30,BONUS,23.7500,2071/2072,sharesansar company-dividend/company-rightshare,2026-10-02
SIC,D,2016-06-30,DIVIDEND,1.2500,2071/2072,sharesansar company-dividend/company-rightshare,2026-10-02
SIC,D,2016-12-28,BONUS,22.0000,2072/2073,sharesansar company-dividend/company-rightshare,2026-10-02
SIC,D,2016-12-28,DIVIDEND,1.1500,2072/2073,sharesansar company-dividend/company-rightshare,2026-10-02
SIC,D,2019-06-16,BONUS,86.0000,2074/2075,sharesansar company-dividend/company-rightshare,2026-10-02
SIC,D,2021-07-01,BONUS,11.0000,2076/2077,sharesansar company-dividend/company-rightshare,2026-10-02
SIC,D,2021-07-01,DIVIDEND,0.5789,2076/2077,sharesansar company-dividend/company-rightshare,2026-10-02
SIC,D,2022-04-29,BONUS,20.0000,2077/2078,sharesansar company-dividend/company-rightshare,2026-10-02
SIC,D,2022-04-29,DIVIDEND,1.0526,2077/2078,sharesansar company-dividend/company-rightshare,2026-10-02
SIC,D,2023-02-10,BONUS,12.4000,2078/2079,sharesansar company-dividend/company-rightshare,2026-10-02
SIC,D,2023-02-10,DIVIDEND,0.6579,2078/2079,sharesansar company-dividend/company-rightshare,2026-10-02
SIL,D,2013-03-17,BONUS,32.0000,2068/2069,sharesansar company-dividend/company-rightshare,2026-10-02
SIL,D,2013-11-14,RIGHT,90.0000,2013/2014,sharesansar company-dividend/company-rightshare,2026-10-02
SIL,D,2015-06-17,BONUS,10.0000,2070/2071,sharesansar company-dividend/company-rightshare,2026-10-02
SIL,D,2015-06-17,DIVIDEND,0.5200,2070/2071,sharesansar company-dividend/company-rightshare,2026-10-02
SIL,D,2016-03-24,BONUS,25.0000,2071/2072,sharesansar company-dividend/company-rightshare,2026-10-02
SIL,D,2016-12-23,BONUS,30.0000,2072/2073,sharesansar company-dividend/company-rightshare,2026-10-02
SIL,D,2016-12-23,DIVIDEND,1.5700,2072/2073,sharesansar company-dividend/company-rightshare,2026-10-02
SIL,D,2017-04-28,RIGHT,19.2308,2016/2017,sharesansar company-dividend/company-rightshare,2026-10-02
SIL,D,2017-11-01,BONUS,20.0000,2073/2074,sharesansar company-dividend/company-rightshare,2026-10-02
SIL,D,2017-11-01,DIVIDEND,1.0530,2073/2074,sharesansar company-dividend/company-rightshare,2026-10-02
SIL,D,2018-05-15,RIGHT,35.0000,2017/2018,sharesansar company-dividend/company-rightshare,2026-10-02
SIL,D,2019-06-13,BONUS,15.4800,2074/2075,sharesansar company-dividend/company-rightshare,2026-10-02
SIL,D,2021-05-28,BONUS,12.0000,2076/2077,sharesansar company-dividend/company-rightshare,2026-10-02
SIL,D,2021-05-28,DIVIDEND,3.7894,2076/2077,sharesansar company-dividend/company-rightshare,2026-10-02
SIL,D,2022-03-31,BONUS,15.0000,2077/2078,sharesansar company-dividend/company-rightshare,2026-10-02
SIL,D,2022-03-31,DIVIDEND,0.7895,2077/2078,sharesansar company-dividend/company-rightshare,2026-10-02
SIL,D,2023-01-02,BONUS,9.0000,2078/2079,sharesansar company-dividend/company-rightshare,2026-10-02
SIL,D,2023-01-02,DIVIDEND,0.4737,2078/2079,sharesansar company-dividend/company-rightshare,2026-10-02
SKDBL,D,2016-12-23,BONUS,11.0000,2072/2073,sharesansar company-dividend/company-rightshare,2026-10-02
SKDBL,D,2016-12-23,RIGHT,100.0000,2016/2017,sharesansar company-dividend/company-rightshare,2026-10-02
SKDBL,D,2017-01-07,BONUS,4.7820,2073/2074,sharesansar company-dividend/company-rightshare,2026-10-02
SKDBL,D,2017-01-07,DIVIDEND,0.2510,2073/2074,sharesansar company-dividend/company-rightshare,2026-10-02
SKDBL,D,2017-06-28,RIGHT,130.0000,2016/2017,sharesansar company-dividend/company-rightshare,2026-10-02
SKDBL,D,2018-12-23,BONUS,3.0000,2074/2075,sharesansar company-dividend/company-rightshare,2026-10-02
SKDBL,D,2018-12-23,DIVIDEND,5.0300,2074/2075,sharesansar company-dividend/company-rightshare,2026-10-02
SLBS,D,2017-12-23,BONUS,19.0000,2073/2074,sharesansar company-dividend/company-rightshare,2026-10-02
SLBS,D,2017-12-23,DIVIDEND,1.0000,2073/2074,sharesansar company-dividend/company-rightshare,2026-10-02
SLBS,D,2018-02-09,RIGHT,70.0000,2017/2018,sharesansar company-dividend/company-rightshare,2026-10-02
SLBS,D,2018-12-10,BONUS,42.7500,2074/2075,sharesansar company-dividend/company-rightshare,2026-10-02
SLBS,D,2018-12-10,DIVIDEND,2.2500,2074/2075,sharesansar company-dividend/company-rightshare,2026-10-02
SLBS,D,2019-12-07,BONUS,44.4700,2075/2076,sharesansar company-dividend/company-rightshare,2026-10-02
SLBS,D,2019-12-07,DIVIDEND,2.3400,2075/2076,sharesansar company-dividend/company-rightshare,2026-10-02
SLBS,D,2021-04-01,BONUS,15.3457,2076/2077,sharesansar company-dividend/company-rightshare,2026-10-02
SLBS,D,2021-04-01,DIVIDEND,0.8076,2076/2077,sharesansar company-dividend/company-rightshare,2026-10-02
SLBS,D,2021-12-16,BONUS,20.0000,2077/2078,sharesansar company-dividend/company-rightshare,2026-10-02
SLICL,D,2013-03-24,BONUS,14.2500,2068/2069,sharesansar company-dividend/company-rightshare,2026-10-02
SLICL,D,2013-08-20,RIGHT,21.5650,2013/2014,sharesansar company-dividend/company-rightshare,2026-10-02
SLICL,D,2016-07-12,RIGHT,25.0000,2016/2017,sharesansar company-dividend/company-rightshare,2026-10-02
SLICL,D,2017-04-10,BONUS,5.0000,2071/2072,sharesansar company-dividend/company-rightshare,2026-10-02
SLICL,D,2017-08-25,BONUS,10.0000,2072/2073,sharesansar company-dividend/company-rightshare,2026-10-02
SLICL,D,2018-04-18,RIGHT,40.0000,2017/2018,sharesansar company-dividend/company-rightshare,2026-10-02
SLICL,D,2018-07-01,BONUS,12.0000,2073/2074,sharesansar company-dividend/company-rightshare,2026-10-02
SLICL,D,2018-07-01,DIVIDEND,0.6300,2073/2074,sharesansar company-dividend/company-rightshare,2026-10-02
SLICL,D,2019-06-11,BONUS,12.0000,2074/2075,sharesansar company-dividend/company-rightshare,2026-10-02
SLICL,D,2019-08-14,RIGHT,70.0000,2019/2020,sharesansar company-dividend/company-rightshare,2026-10-02
SLICL,D,2021-01-01,BONUS,5.0000,2075/2076,sharesansar company-dividend/company-rightshare,2026-10-02
SLICL,D,2021-01-01,DIVIDEND,5.5260,2075/2076,sharesansar company-dividend/company-rightshare,2026-10-02
SLICL,D,2021-12-24,BONUS,12.7000,2076/2077,sharesansar company-dividend/company-rightshare,2026-10-02
SLICL,D,2021-12-24,DIVIDEND,0.6684,2076/2077,sharesansar company-dividend/company-rightshare,2026-10-02
SMFDB,D,2012-12-27,DIVIDEND,15.7900,2068/2069,sharesansar company-dividend/company-rightshare,2026-10-02
SMFDB,D,2014-12-17,BONUS,26.0000,2070/2071,sharesansar company-dividend/company-rightshare,2026-10-02
SMFDB,D,2014-12-17,DIVIDEND,12.9500,2070/2071,sharesansar company-dividend/company-rightshare,2026-10-02
SMFDB,D,2015-12-31,BONUS,41.7200,2071/2072,sharesansar company-dividend/company-rightshare,2026-10-02
SMFDB,D,2015-12-31,DIVIDEND,2.1900,2071/2072,sharesansar company-dividend/company-rightshare,2026-10-02
SMFDB,D,2016-12-23,BONUS,45.0000,2072/2073,sharesansar company-dividend/company-rightshare,2026-10-02
SMFDB,D,2016-12-23,DIVIDEND,2.3600,2072/2073,sharesansar company-dividend/company-rightshare,2026-10-02
SMFDB,D,2017-08-25,RIGHT,100.0000,2017/2018,sharesansar company-dividend/company-rightshare,2026-10-02
SMFDB,D,2017-12-29,BONUS,34.4800,2073/2074,sharesansar company-dividend/company-rightshare,2026-10-02
SMFDB,D,2017-12-29,DIVIDEND,10.5200,2073/2074,sharesansar company-dividend/company-rightshare,2026-10-02
SMFDB,D,2019-01-01,BONUS,23.5300,2074/2075,sharesansar company-dividend/company-rightshare,2026-10-02
SMFDB,D,2019-01-01,DIVIDEND,1.2400,2074/2075,sharesansar company-dividend/company-rightshare,2026-10-02
SMFDB,D,2020-01-01,BONUS,21.0900,2075/2076,sharesansar company-dividend/company-rightshare,2026-10-02
SMFDB,D,2020-01-01,DIVIDEND,1.1100,2075/2076,sharesansar company-dividend/company-rightshare,2026-10-02
SMFDB,D,2021-12-30,BONUS,25.2853,2077/2078,sharesansar company-dividend/company-rightshare,2026-10-02
SMFDB,D,2023-06-05,BONUS,13.5628,2078/2079,sharesansar company-dividend/company-rightshare,2026-10-02
SMFDB,D,2023-06-05,DIVIDEND,0.7138,2078/2079,sharesansar company-dividend/company-rightshare,2026-10-02
SPARS,D,2019-12-26,BONUS,13.0000,2075/2076,sharesansar company-dividend/company-rightshare,2026-10-02
SPARS,D,2019-12-26,DIVIDEND,0.6800,2075/2076,sharesansar company-dividend/company-rightshare,2026-10-02
SPARS,D,2020-12-30,BONUS,19.5000,2076/2077,sharesansar company-dividend/company-rightshare,2026-10-02
SPARS,D,2020-12-30,DIVIDEND,1.0300,2076/2077,sharesansar company-dividend/company-rightshare,2026-10-02
SRBL,D,2011-12-20,DIVIDEND,4.0000,2067/2068,sharesansar company-dividend/company-rightshare,2026-10-02
SRBL,D,2012-12-24,DIVIDEND,5.2600,2068/2069,sharesansar company-dividend/company-rightshare,2026-10-02
SRBL,D,2014-04-10,BONUS,11.0000,2069/2070,sharesansar company-dividend/company-rightshare,2026-10-02
SRBL,D,2015-02-18,RIGHT,10.0000,2014/2015,sharesansar company-dividend/company-rightshare,2026-10-02
SRBL,D,2015-10-28,BONUS,21.5000,2071/2072,sharesansar company-dividend/company-rightshare,2026-10-02
SRBL,D,2015-10-28,DIVIDEND,1.1300,2071/2072,sharesansar company-dividend/company-rightshare,2026-10-02
SRBL,D,2016-01-10,RIGHT,15.0000,2015/2016,sharesansar company-dividend/company-rightshare,2026-10-02
SRBL,D,2016-10-03,BONUS,33.3300,2072/2073,sharesansar company-dividend/company-rightshare,2026-10-02
SRBL,D,2017-05-13,RIGHT,30.0000,2016/2017,sharesansar company-dividend/company-rightshare,2026-10-02
SRBL,D,2017-10-30,BONUS,15.0000,2073/2074,sharesansar company-dividend/company-rightshare,2026-10-02
SRBL,D,2018-12-27,DIVIDEND,11.5000,2074/2075,sharesansar company-dividend/company-rightshare,2026-10-02
SRBL,D,2019-10-18,BONUS,10.0000,2075/2076,sharesansar company-dividend/company-rightshare,2026-10-02
SRBL,D,2019-10-18,DIVIDEND,5.8000,2075/2076,sharesansar company-dividend/company-rightshare,2026-10-02
SRBL,D,2020-12-22,BONUS,5.8000,2076/2077,sharesansar company-dividend/company-rightshare,2026-10-02
SRBL,D,2020-12-22,DIVIDEND,2.4800,2076/2077,sharesansar company-dividend/company-rightshare,2026-10-02
SRBL,D,2021-12-19,BONUS,6.6500,2077/2078,sharesansar company-dividend/company-rightshare,2026-10-02
SRBL,D,2021-12-19,DIVIDEND,0.3500,2077/2078,sharesansar company-dividend/company-rightshare,2026-10-02
SUBBL,D,2011-12-09,BONUS,9.9000,2067/2068,sharesansar company-dividend/company-rightshare,2026-10-02
SUBBL,D,2011-12-09,DIVIDEND,0.5200,2067/2068,sharesansar company-dividend/company-rightshare,2026-10-02
SUBBL,D,2013-12-13,BONUS,10.0000,2069/2070,sharesansar company-dividend/company-rightshare,2026-10-02
SUBBL,D,2013-12-13,DIVIDEND,6.7400,2069/2070,sharesansar company-dividend/company-rightshare,2026-10-02
SUBBL,D,2014-12-29,BONUS,14.3400,2070/2071,sharesansar company-dividend/company-rightshare,2026-10-02
SUBBL,D,2014-12-29,DIVIDEND,11.6600,2070/2071,sharesansar company-dividend/company-rightshare,2026-10-02
SUBBL,D,2016-01-13,BONUS,17.9500,2071/2072,sharesansar company-dividend/company-rightshare,2026-10-02
SUBBL,D,2016-01-13,RIGHT,33.3333,2015/2016,sharesansar company-dividend/company-rightshare,2026-10-02
SUBBL,D,2016-01-13,DIVIDEND,0.9400,2071/2072,sharesansar company-dividend/company-rightshare,2026-10-02
TBBL,D,2011-12-11,BONUS,17.0000,2067/2068,sharesansar company-dividend/company-rightshare,2026-10-02
TBBL,D,2011-12-12,RIGHT,50.0000,2011/2012,sharesansar company-dividend/company-rightshare,2026-10-02
TBBL,D,2012-10-09,BONUS,10.0000,2068/2069,sharesansar company-dividend/company-rightshare,2026-10-02
TBBL,D,2012-10-09,DIVIDEND,13.0000,2068/2069,sharesansar company-dividend/company-rightshare,2026-10-02
TBBL,D,2013-09-20,RIGHT,30.0000,2013/2014,sharesansar company-dividend/company-rightshare,2026-10-02
TBBL,D,2013-11-14,BONUS,19.0000,2069/2070,sharesansar company-dividend/company-rightshare,2026-10-02
TBBL,D,2015-12-28,BONUS,10.0000,2071/2072,sharesansar company-dividend/company-rightshare,2026-10-02
TBBL,D,2015-12-28,DIVIDEND,0.5300,2071/2072,sharesansar company-dividend/company-rightshare,2026-10-02
TBBL,D,2016-10-17,RIGHT,50.0000,2016/2017,sharesansar company-dividend/company-rightshare,2026-10-02
TBBL,D,2016-11-03,BONUS,19.0000,2072/2073,sharesansar company-dividend/company-rightshare,2026-10-02
TDBL,D,2013-03-15,DIVIDEND,6.5000,2068/2069,sharesansar company-dividend/company-rightshare,2026-10-02
TDBL,D,2013-12-18,DIVIDEND,11.0000,2069/2070,sharesansar company-dividend/company-rightshare,2026-10-02
TDBL,D,2014-12-28,BONUS,6.0000,2070/2071,sharesansar company-dividend/company-rightshare,2026-10-02
TDBL,D,2014-12-28,DIVIDEND,8.5000,2070/2071,sharesansar company-dividend/company-rightshare,2026-10-02
TDBL,D,2016-01-01,BONUS,16.0000,2071/2072,sharesansar company-dividend/company-rightshare,2026-10-02
TDBL,D,2016-01-01,DIVIDEND,0.8400,2071/2072,sharesansar company-dividend/company-rightshare,2026-10-02
TDBL,D,2017-03-10,RIGHT,100.0000,2016/2017,sharesansar company-dividend/company-rightshare,2026-10-02
TDBL,D,2017-11-05,BONUS,9.3000,2072/2073,sharesansar company-dividend/company-rightshare,2026-10-02
TMDBL,D,2020-06-25,BONUS,12.0000,2075/2076,sharesansar company-dividend/company-rightshare,2026-10-02
TMDBL,D,2021-01-15,BONUS,6.0000,2076/2077,sharesansar company-dividend/company-rightshare,2026-10-02
TNBL,D,2012-12-10,BONUS,15.0000,2068/2069,sharesansar company-dividend/company-rightshare,2026-10-02
TNBL,D,2012-12-10,DIVIDEND,0.7800,2068/2069,sharesansar company-dividend/company-rightshare,2026-10-02
TNBL,D,2013-11-22,BONUS,12.0000,2069/2070,sharesansar company-dividend/company-rightshare,2026-10-02
TNBL,D,2013-11-22,DIVIDEND,0.6300,2069/2070,sharesansar company-dividend/company-rightshare,2026-10-02
TNBL,D,2014-07-30,RIGHT,25.0000,2014/2015,sharesansar company-dividend/company-rightshare,2026-10-02
TNBL,D,2014-10-31,BONUS,15.0000,2070/2071,sharesansar company-dividend/company-rightshare,2026-10-02
TNBL,D,2014-10-31,DIVIDEND,0.7900,2070/2071,sharesansar company-dividend/company-rightshare,2026-10-02
TNBL,D,2015-09-21,BONUS,18.0000,2071/2072,sharesansar company-dividend/company-rightshare,2026-10-02
TNBL,D,2015-09-21,DIVIDEND,0.9400,2071/2072,sharesansar company-dividend/company-rightshare,2026-10-02
TNBL,D,2016-02-28,RIGHT,25.0000,2015/2016,sharesansar company-dividend/company-rightshare,2026-10-02
TNBL,D,2016-10-05,BONUS,25.0000,2072/2073,sharesansar company-dividend/company-rightshare,2026-10-02
TNBL,D,2016-10-05,DIVIDEND,1.3100,2072/2073,sharesansar company-dividend/company-rightshare,2026-10-02
TNBL,D,2017-04-19,RIGHT,35.0000,2016/2017,sharesansar company-dividend/company-rightshare,2026-10-02
TNBL,D,2017-12-06,BONUS,10.0000,2073/2074,sharesansar company-dividend/company-rightshare,2026-10-02
TNBL,D,2017-12-06,DIVIDEND,5.0000,2073/2074,sharesansar company-dividend/company-rightshare,2026-10-02
TNBL,D,2018-12-10,BONUS,12.0000,2074/2075,sharesansar company-dividend/company-rightshare,2026-10-02
TNBL,D,2018-12-10,DIVIDEND,0.6300,2074/2075,sharesansar company-dividend/company-rightshare,2026-10-02
UFIL,D,2011-09-15,RIGHT,100.0000,2011/2012,sharesansar company-dividend/company-rightshare,2026-10-02
UFIL,D,2012-02-11,DIVIDEND,13.6850,2067/2068,sharesansar company-dividend/company-rightshare,2026-10-02
UFIL,D,2012-09-26,DIVIDEND,8.9500,2068/2069,sharesansar company-dividend/company-rightshare,2026-10-02
UFIL,D,2013-09-08,DIVIDEND,12.0000,2069/2070,sharesansar company-dividend/company-rightshare,2026-10-02
UFIL,D,2014-10-26,BONUS,11.5000,2070/2071,sharesansar company-dividend/company-rightshare,2026-10-02
UFIL,D,2015-11-24,BONUS,7.0000,2071/2072,sharesansar company-dividend/company-rightshare,2026-10-02
UFIL,D,2015-11-24,DIVIDEND,0.0360,2071/2072,sharesansar company-dividend/company-rightshare,2026-10-02
UFIL,D,2016-08-02,BONUS,16.0000,2072/2073,sharesansar company-dividend/company-rightshare,2026-10-02
UFL,D,2011-12-11,DIVIDEND,13.1600,2067/2068,sharesansar company-dividend/company-rightshare,2026-10-02
UFL,D,2012-10-19,DIVIDEND,10.0000,2068/2069,sharesansar company-dividend/company-rightshare,2026-10-02
UFL,D,2013-11-01,DIVIDEND,12.5000,2069/2070,sharesansar company-dividend/company-rightshare,2026-10-02
UFL,D,2014-11-20,BONUS,15.0000,2070/2071,sharesansar company-dividend/company-rightshare,2026-10-02
UFL,D,2014-11-20,DIVIDEND,0.7900,2070/2071,sharesansar company-dividend/company-rightshare,2026-10-02
UFL,D,2015-11-23,BONUS,15.0000,2071/2072,sharesansar company-dividend/company-rightshare,2026-10-02
UFL,D,2015-11-23,DIVIDEND,0.7900,2071/2072,sharesansar company-dividend/company-rightshare,2026-10-02
UFL,D,2016-07-04,RIGHT,25.0000,2016/2017,sharesansar company-dividend/company-rightshare,2026-10-02
UFL,D,2016-09-23,BONUS,20.0000,2072/2073,sharesansar company-dividend/company-rightshare,2026-10-02
UFL,D,2016-09-23,DIVIDEND,1.0500,2072/2073,sharesansar company-dividend/company-rightshare,2026-10-02
UFL,D,2017-12-29,BONUS,19.0000,2073/2074,sharesansar company-dividend/company-rightshare,2026-10-02
UFL,D,2018-10-30,DIVIDEND,5.0000,2074/2075,sharesansar company-dividend/company-rightshare,2026-10-02
UFL,D,2019-12-30,BONUS,3.0000,2075/2076,sharesansar company-dividend/company-rightshare,2026-10-02
UFL,D,2019-12-30,DIVIDEND,7.5260,2075/2076,sharesansar company-dividend/company-rightshare,2026-10-02
UIC,D,2015-03-29,RIGHT,150.0000,2014/2015,sharesansar company-dividend/company-rightshare,2026-10-02
UIC,D,2016-06-17,BONUS,20.0000,2071/2072,sharesansar company-dividend/company-rightshare,2026-10-02
UIC,D,2017-12-27,BONUS,10.0000,2072/2073,sharesansar company-dividend/company-rightshare,2026-10-02
UIC,D,2019-07-30,RIGHT,240.0000,2019/2020,sharesansar company-dividend/company-rightshare,2026-10-02
UIC,D,2023-01-01,BONUS,5.0000,2078/2079,sharesansar company-dividend/company-rightshare,2026-10-02
UIC,D,2023-01-01,DIVIDEND,0.2632,2078/2079,sharesansar company-dividend/company-rightshare,2026-10-02
UMB,D,2019-01-30,BONUS,40.5000,2074/2075,sharesansar company-dividend/company-rightshare,2026-10-02
UMB,D,2019-01-30,RIGHT,20.0000,2018/2019,sharesansar company-dividend/company-rightshare,2026-10-02
UMB,D,2019-01-30,DIVIDEND,2.1300,2074/2075,sharesansar company-dividend/company-rightshare,2026-10-02
UMB,D,2019-12-31,BONUS,38.6000,2075/2076,sharesansar company-dividend/company-rightshare,2026-10-02
UMB,D,2019-12-31,DIVIDEND,2.0300,2075/2076,sharesansar company-dividend/company-rightshare,2026-10-02
WDBL,D,2012-04-25,DIVIDEND,15.7900,2067/2068,sharesansar company-dividend/company-rightshare,2026-10-02
WDBL,D,2013-10-07,RIGHT,66.6667,2013/2014,sharesansar company-dividend/company-rightshare,2026-10-02
WDBL,D,2014-04-25,BONUS,9.0000,2069/2070,sharesansar company-dividend/company-rightshare,2026-10-02
WDBL,D,2014-04-25,DIVIDEND,6.0000,2069/2070,sharesansar company-dividend/company-rightshare,2026-10-02
WDBL,D,2015-05-26,BONUS,20.0000,2070/2071,sharesansar company-dividend/company-rightshare,2026-10-02
WDBL,D,2015-05-26,DIVIDEND,1.0530,2070/2071,sharesansar company-dividend/company-rightshare,2026-10-02
WDBL,D,2016-03-28,BONUS,20.0000,2071/2072,sharesansar company-dividend/company-rightshare,2026-10-02
WDBL,D,2016-03-28,DIVIDEND,1.0500,2071/2072,sharesansar company-dividend/company-rightshare,2026-10-02
WDBL,D,2017-01-25,RIGHT,100.0000,2016/2017,sharesansar company-dividend/company-rightshare,2026-10-02
WDBL,D,2017-04-10,BONUS,10.0000,2072/2073,sharesansar company-dividend/company-rightshare,2026-10-02
WDBL,D,2017-04-10,DIVIDEND,1.0500,2072/2073,sharesansar company-dividend/company-rightshare,2026-10-02
WDBL,D,2018-06-07,BONUS,17.4100,2073/2074,sharesansar company-dividend/company-rightshare,2026-10-02
WDBL,D,2018-06-07,DIVIDEND,0.9100,2073/2074,sharesansar company-dividend/company-rightshare,2026-10-02
WDBL,D,2018-07-11,DIVIDEND,14.7400,2074/2075,sharesansar company-dividend/company-rightshare,2026-10-02
WOMI,D,2015-12-31,BONUS,20.0000,2071/2072,sharesansar company-dividend/company-rightshare,2026-10-02
WOMI,D,2015-12-31,DIVIDEND,1.1000,2071/2072,sharesansar company-dividend/company-rightshare,2026-10-02
WOMI,D,2016-08-05,RIGHT,50.0000,2016/2017,sharesansar company-dividend/company-rightshare,2026-10-02
WOMI,D,2016-12-01,BONUS,20.0000,2072/2073,sharesansar company-dividend/company-rightshare,2026-10-02
WOMI,D,2016-12-01,DIVIDEND,1.1000,2072/2073,sharesansar company-dividend/company-rightshare,2026-10-02
WOMI,D,2017-11-02,BONUS,20.0000,2073/2074,sharesansar company-dividend/company-rightshare,2026-10-02
WOMI,D,2017-11-02,DIVIDEND,1.0520,2073/2074,sharesansar company-dividend/company-rightshare,2026-10-02
WOMI,D,2018-05-18,RIGHT,30.0000,2017/2018,sharesansar company-dividend/company-rightshare,2026-10-02
WOMI,D,2018-10-21,DIVIDEND,25.0000,2074/2075,sharesansar company-dividend/company-rightshare,2026-10-02
WOMI,D,2019-07-12,RIGHT,100.0000,2019/2020,sharesansar company-dividend/company-rightshare,2026-10-02
WOMI,D,2020-03-13,BONUS,10.0000,2075/2076,sharesansar company-dividend/company-rightshare,2026-10-02
WOMI,D,2020-03-13,DIVIDEND,0.5300,2075/2076,sharesansar company-dividend/company-rightshare,2026-10-02
WOMI,D,2020-12-30,BONUS,30.0000,2076/2077,sharesansar company-dividend/company-rightshare,2026-10-02
WOMI,D,2021-12-16,BONUS,20.0000,2077/2078,sharesansar company-dividend/company-rightshare,2026-10-02
